Path,GT,Candidates
LM_video/RGB/user1/1-1-1/RGB.mp4,Leisurely,"Calmly,Hastily"
LM_video/RGB/user1/1-1-2/RGB.mp4,Calmly,"Hastily,Leisurely"
LM_video/RGB/user1/1-1-3/RGB.mp4,Hastily,"Leisurely,Calmly"
LM_video/RGB/user1/1-2-1/RGB.mp4,Slowly,"Precisely,Quickly"
LM_video/RGB/user1/1-2-2/RGB.mp4,Precisely,"Quickly,Slowly"
LM_video/RGB/user1/1-2-3/RGB.mp4,Hastily,"Leisurely,Calmly"
LM_video/RGB/user1/2-1-1/RGB.mp4,Gently,"Neatly,Hastily"
LM_video/RGB/user1/2-1-2/RGB.mp4,Neatly,"Hastily,Gently"
LM_video/RGB/user1/2-1-3/RGB.mp4,Hastily,"Gently,Neatly"
LM_video/RGB/user1/2-2-1/RGB.mp4,Slowly,"Steadily,Quickly"
LM_video/RGB/user1/2-2-2/RGB.mp4,Steadily,"Quickly,Slowly"
LM_video/RGB/user1/2-2-3/RGB.mp4,Quickly,"Slowly,Steadily"
LM_video/RGB/user1/3-1-1/RGB.mp4,Leisurely,"Steadily,Hurriedly"
LM_video/RGB/user1/3-1-2/RGB.mp4,Steadily,"Hurriedly,Leisurely"
LM_video/RGB/user1/3-1-3/RGB.mp4,Hurriedly,"Leisurely,Steadily"
LM_video/RGB/user1/3-2-1/RGB.mp4,Casually,"Meticulously,Hurriedly"
LM_video/RGB/user1/3-2-2/RGB.mp4,Meticulously,"Hurriedly,Casually"
LM_video/RGB/user1/3-2-3/RGB.mp4,Hurriedly,"Casually,Meticulously"
LM_video/RGB/user1/4-1-1/RGB.mp4,Casually,"Seriously,Quickly"
LM_video/RGB/user1/4-1-2/RGB.mp4,Seriously,"Quickly,Casually"
LM_video/RGB/user1/4-1-3/RGB.mp4,Quickly,"Casually,Seriously"
LM_video/RGB/user1/5-1-1/RGB.mp4,Gently,"Steadily,Anxiously"
LM_video/RGB/user1/5-1-2/RGB.mp4,Steadily,"Anxiously,Gently"
LM_video/RGB/user1/5-1-3/RGB.mp4,Anxiously,"Gently,Steadily"
LM_video/RGB/user1/6-1-1/RGB.mp4,Slowly,"Evenly,Quickly"
LM_video/RGB/user1/6-1-2/RGB.mp4,Evenly,"Quickly,Slowly"
LM_video/RGB/user1/6-1-3/RGB.mp4,Quickly,"Slowly,Evenly"
LM_video/RGB/user1/6-2-1/RGB.mp4,Leisurely,"Orderly,Hurriedly"
LM_video/RGB/user1/6-2-2/RGB.mp4,Orderly,"Hurriedly,Leisurely"
LM_video/RGB/user1/6-2-3/RGB.mp4,Hurriedly,"Leisurely,Orderly"
LM_video/RGB/user1/7-1-1/RGB.mp4,Slowly,"Calmly,Anxiously"
LM_video/RGB/user1/7-1-2/RGB.mp4,Calmly,"Anxiously,Slowly"
LM_video/RGB/user1/7-1-3/RGB.mp4,Anxiously,"Slowly,Calmly"
LM_video/RGB/user2/1-1-1/RGB.mp4,Gently,"Orderly,Frantically"
LM_video/RGB/user2/1-1-2/RGB.mp4,Orderly,"Frantically,Gently"
LM_video/RGB/user2/1-1-3/RGB.mp4,Frantically,"Gently,Orderly"
LM_video/RGB/user2/1-2-1/RGB.mp4,Leisurely,"Steadily,Rapidly"
LM_video/RGB/user2/1-2-2/RGB.mp4,Steadily,"Rapidly,Leisurely"
LM_video/RGB/user2/1-2-3/RGB.mp4,Rapidly,"Leisurely,Steadily"
LM_video/RGB/user2/2-1-1/RGB.mp4,Carefully,"Calmly,Quickly"
LM_video/RGB/user2/2-1-2/RGB.mp4,Calmly,"Quickly,Carefully"
LM_video/RGB/user2/2-1-3/RGB.mp4,Quickly,"Carefully,Calmly"
LM_video/RGB/user2/2-2-1/RGB.mp4,Leisurely,"Methodically,Frantically"
LM_video/RGB/user2/2-2-2/RGB.mp4,Methodically,"Frantically,Leisurely"
LM_video/RGB/user2/2-2-3/RGB.mp4,Frantically,"Leisurely,Methodically"
LM_video/RGB/user2/3-1-1/RGB.mp4,Slowly,"Meticulously,Eagerly"
LM_video/RGB/user2/3-1-2/RGB.mp4,Meticulously,"Eagerly,Slowly"
LM_video/RGB/user2/3-1-3/RGB.mp4,Eagerly,"Slowly,Meticulously"
LM_video/RGB/user2/3-2-2/RGB.mp4,Seriously,"Slowly, Nervously"
LM_video/RGB/user2/3-2-3/RGB.mp4,Nervously,"Serioiusly, Slowly"
LM_video/RGB/user2/4-1-1/RGB.mp4,Leisurely,"Calmly,Impatiently"
LM_video/RGB/user2/4-1-2/RGB.mp4,Calmly,"Impatiently,Leisurely"
LM_video/RGB/user2/4-1-3/RGB.mp4,Impatiently,"Leisurely,Calmly"
LM_video/RGB/user2/4-2-1/RGB.mp4,Gracefully,"Neatly,Hurriedly"
LM_video/RGB/user2/4-2-2/RGB.mp4,Neatly,"Hurriedly,Gracefully"
LM_video/RGB/user2/4-2-3/RGB.mp4,Hurriedly,"Gracefully,Neatly"
LM_video/RGB/user2/4-3-1/RGB.mp4,Contently,"Intently,Restlessly"
LM_video/RGB/user2/4-3-2/RGB.mp4,Intently,"Restlessly,Contently"
LM_video/RGB/user2/4-3-3/RGB.mp4,Restlessly,"Contently,Intently"
LM_video/RGB/user2/5-1-1/RGB.mp4,Smoothly,"Steadily,Anxiously"
LM_video/RGB/user2/5-1-2/RGB.mp4,Steadily,"Anxiously,Smoothly"
LM_video/RGB/user2/5-1-3/RGB.mp4,Anxiously,"Smoothly,Steadily"
LM_video/RGB/user2/5-2-1/RGB.mp4,Carefully,"Quickly,Hurriedly"
LM_video/RGB/user2/5-2-2/RGB.mp4,Quickly,"Hurriedly,Carefully"
LM_video/RGB/user2/5-2-3/RGB.mp4,Hurriedly,"Carefully,Quickly"
LM_video/RGB/user2/6-1-1/RGB.mp4,Gently,Quickly
LM_video/RGB/user2/6-1-2/RGB.mp4,Quickly,Gently
LM_video/RGB/user2/7-1-1/RGB.mp4,Slowly,"Calmly,Hurriedly"
LM_video/RGB/user2/7-1-2/RGB.mp4,Calmly,"Hurriedly,Slowly"
LM_video/RGB/user2/7-1-3/RGB.mp4,Hurriedly,"Slowly,Calmly"
LM_video/RGB/user2/7-2-1/RGB.mp4,Gently,"quickly,Hurriedly"
LM_video/RGB/user2/7-2-2/RGB.mp4,quickly,"Hurriedly,Gently"
LM_video/RGB/user2/7-2-3/RGB.mp4,Hurriedly,"Gently,quickly"
LM_video/RGB/user2/7-3-1/RGB.mp4,Slowly,"Quickly,Hurriedly"
LM_video/RGB/user2/7-3-2/RGB.mp4,Quickly,"Hurriedly,Slowly"
LM_video/RGB/user2/7-3-3/RGB.mp4,Hurriedly,"Slowly,Quickly"
LM_video/RGB/user3/1-1-1/RGB.mp4,Lazily,"Calmly,Anxiously"
LM_video/RGB/user3/1-1-2/RGB.mp4,Calmly,"Anxiously,Lazily"
LM_video/RGB/user3/1-1-3/RGB.mp4,Anxiously,"Lazily,Calmly"
LM_video/RGB/user3/1-2-1/RGB.mp4,Leisurely,"Attentively,Hastily"
LM_video/RGB/user3/1-2-2/RGB.mp4,Attentively,"Hastily,Leisurely"
LM_video/RGB/user3/1-2-3/RGB.mp4,Hastily,"Leisurely,Attentively"
LM_video/RGB/user3/2-1-1/RGB.mp4,Relaxedly,"Hurriedly,Steadily"
LM_video/RGB/user3/2-1-2/RGB.mp4,Hurriedly,"Steadily,Relaxedly"
LM_video/RGB/user3/2-1-3/RGB.mp4,Steadily,"Relaxedly,Hurriedly"
LM_video/RGB/user3/2-2-1/RGB.mp4,Slowly,"Hurriedly,Steadily"
LM_video/RGB/user3/2-2-2/RGB.mp4,Hurriedly,"Steadily,Slowly"
LM_video/RGB/user3/2-2-3/RGB.mp4,Steadily,"Slowly,Hurriedly"
LM_video/RGB/user3/3-1-1/RGB.mp4,Patiently,"Smoothly,Anxiously"
LM_video/RGB/user3/3-1-2/RGB.mp4,Smoothly,"Anxiously,Patiently"
LM_video/RGB/user3/3-1-3/RGB.mp4,Anxiously,"Patiently,Smoothly"
LM_video/RGB/user3/3-2-1/RGB.mp4,Gently,"Urgently,Calmly"
LM_video/RGB/user3/3-2-2/RGB.mp4,Urgently,"Calmly,Gently"
LM_video/RGB/user3/3-2-3/RGB.mp4,Calmly,"Gently,Urgently"
LM_video/RGB/user3/4-1-1/RGB.mp4,Soothingly,"Orderly,Nervously"
LM_video/RGB/user3/4-1-2/RGB.mp4,Orderly,"Nervously,Soothingly"
LM_video/RGB/user3/4-1-3/RGB.mp4,Nervously,"Soothingly,Orderly"
LM_video/RGB/user3/5-1-1/RGB.mp4,Leisurely,"Hastily,Evenly"
LM_video/RGB/user3/5-1-2/RGB.mp4,Hastily,"Evenly,Leisurely"
LM_video/RGB/user3/5-1-3/RGB.mp4,Evenly,"Leisurely,Hastily"
LM_video/RGB/user3/5-2-1/RGB.mp4,Slowly,"Anxiously,Calmly"
LM_video/RGB/user3/5-2-2/RGB.mp4,Anxiously,"Calmly,Slowly"
LM_video/RGB/user3/5-2-3/RGB.mp4,Calmly,"Slowly,Anxiously"
LM_video/RGB/user3/6-1-1/RGB.mp4,Gently,"Calmly,Quickly"
LM_video/RGB/user3/6-1-2/RGB.mp4,Calmly,"Quickly,Gently"
LM_video/RGB/user3/6-1-3/RGB.mp4,Quickly,"Gently,Calmly"
LM_video/RGB/user3/6-2-1/RGB.mp4,Carefully,"Meticulously,Hurriedly"
LM_video/RGB/user3/6-2-2/RGB.mp4,Meticulously,"Hurriedly,Carefully"
LM_video/RGB/user3/6-2-3/RGB.mp4,Hurriedly,"Carefully,Meticulously"
LM_video/RGB/user3/7-1-1/RGB.mp4,Leisurely,"Steadily,Briskly"
LM_video/RGB/user3/7-1-2/RGB.mp4,Steadily,"Briskly,Leisurely"
LM_video/RGB/user3/7-1-3/RGB.mp4,Briskly,"Leisurely,Steadily"
LM_video/RGB/user4/1-1-1/RGB.mp4,Slowly,"Steadily,Rapidly"
LM_video/RGB/user4/1-1-2/RGB.mp4,Steadily,"Rapidly,Slowly"
LM_video/RGB/user4/1-1-3/RGB.mp4,Rapidly,"Slowly,Steadily"
LM_video/RGB/user4/1-2-1/RGB.mp4,Patiently,"Calmly,Frantically"
LM_video/RGB/user4/1-2-2/RGB.mp4,Calmly,"Frantically,Patiently"
LM_video/RGB/user4/1-2-3/RGB.mp4,Frantically,"Patiently,Calmly"
LM_video/RGB/user4/2-1-1/RGB.mp4,Carefully,"Calmly,Hastily"
LM_video/RGB/user4/2-1-2/RGB.mp4,Calmly,"Hastily,Carefully"
LM_video/RGB/user4/2-1-3/RGB.mp4,Hastily,"Carefully,Calmly"
LM_video/RGB/user4/2-2-1/RGB.mp4,Slowly,"Diligently,Rapidly"
LM_video/RGB/user4/2-2-2/RGB.mp4,Diligently,"Rapidly,Slowly"
LM_video/RGB/user4/2-2-3/RGB.mp4,Rapidly,"Slowly,Diligently"
LM_video/RGB/user4/3-2-1/RGB.mp4,Leisurely,"Steadily,Urgently"
LM_video/RGB/user4/3-2-2/RGB.mp4,Steadily,"Urgently,Leisurely"
LM_video/RGB/user4/3-2-3/RGB.mp4,Urgently,"Leisurely,Steadily"
LM_video/RGB/user4/4-1-1/RGB.mp4,Gently,"Attentively,Anxiously"
LM_video/RGB/user4/4-1-2/RGB.mp4,Attentively,"Anxiously,Gently"
LM_video/RGB/user4/4-1-3/RGB.mp4,Anxiously,"Gently,Attentively"
LM_video/RGB/user4/4-2-1/RGB.mp4,Gently,"Steadily,Hurriedly"
LM_video/RGB/user4/4-2-2/RGB.mp4,Steadily,"Hurriedly,Gently"
LM_video/RGB/user4/4-2-3/RGB.mp4,Hurriedly,"Gently,Steadily"
LM_video/RGB/user4/5-1-1/RGB.mp4,Calmly,"Leisurely,Quickly"
LM_video/RGB/user4/5-1-2/RGB.mp4,Leisurely,"Quickly,Calmly"
LM_video/RGB/user4/5-1-3/RGB.mp4,Quickly,"Calmly,Leisurely"
LM_video/RGB/user4/5-2-1/RGB.mp4,Steadily,"Leisurely,Quickly"
LM_video/RGB/user4/5-2-2/RGB.mp4,Leisurely,"Quickly,Steadily"
LM_video/RGB/user4/5-2-3/RGB.mp4,Quickly,"Steadily,Leisurely"
LM_video/RGB/user4/6-1-1/RGB.mp4,Relaxedly,"Smoothly,Hurriedly"
LM_video/RGB/user4/6-1-2/RGB.mp4,Smoothly,"Hurriedly,Relaxedly"
LM_video/RGB/user4/6-1-3/RGB.mp4,Hurriedly,"Relaxedly,Smoothly"
LM_video/RGB/user4/7-1-1/RGB.mp4,Cautiously,"Smoothly,Hastily"
LM_video/RGB/user4/7-1-2/RGB.mp4,Smoothly,"Hastily,Cautiously"
LM_video/RGB/user4/7-1-3/RGB.mp4,Hastily,"Cautiously,Smoothly"
LM_video/RGB/user4/7-2-1/RGB.mp4,Slowly,"Calmly,Hurriedly"
LM_video/RGB/user4/7-2-2/RGB.mp4,Calmly,"Hurriedly,Slowly"
LM_video/RGB/user4/7-2-3/RGB.mp4,Hurriedly,"Slowly,Calmly"
LM_video/RGB/user5/1-1-1/RGB.mp4,Gently,"Carefully,Hastily"
LM_video/RGB/user5/1-1-2/RGB.mp4,Carefully,"Hastily,Gently"
LM_video/RGB/user5/1-1-3/RGB.mp4,Hastily,"Gently,Carefully"
LM_video/RGB/user5/1-2-1/RGB.mp4,Leisurely,"Steadily,Briskly"
LM_video/RGB/user5/1-2-2/RGB.mp4,Steadily,"Briskly,Leisurely"
LM_video/RGB/user5/1-2-3/RGB.mp4,Briskly,"Leisurely,Steadily"
LM_video/RGB/user5/2-1-1/RGB.mp4,Leisurely,"Calmly,Hurriedly"
LM_video/RGB/user5/2-1-2/RGB.mp4,Calmly,"Hurriedly,Leisurely"
LM_video/RGB/user5/2-1-3/RGB.mp4,Hurriedly,"Leisurely,Calmly"
LM_video/RGB/user5/3-1-1/RGB.mp4,Intently,"Slowly,Quickly"
LM_video/RGB/user5/3-1-2/RGB.mp4,Slowly,"Quickly,Intently"
LM_video/RGB/user5/3-1-3/RGB.mp4,Quickly,"Intently,Slowly"
LM_video/RGB/user5/3-2-1/RGB.mp4,Slowly,"Swiftly,Hurriedly"
LM_video/RGB/user5/3-2-2/RGB.mp4,Swiftly,"Hurriedly,Slowly"
LM_video/RGB/user5/3-2-3/RGB.mp4,Hurriedly,"Slowly,Swiftly"
LM_video/RGB/user5/4-1-1/RGB.mp4,Leisurely,"Calmly,Hurriedly"
LM_video/RGB/user5/4-1-2/RGB.mp4,Calmly,"Hurriedly,Leisurely"
LM_video/RGB/user5/4-1-3/RGB.mp4,Hurriedly,"Leisurely,Calmly"
LM_video/RGB/user5/4-2-1/RGB.mp4,Slowly,"Evenly,Hastily"
LM_video/RGB/user5/4-2-2/RGB.mp4,Evenly,"Hastily,Slowly"
LM_video/RGB/user5/4-2-3/RGB.mp4,Hastily,"Slowly,Evenly"
LM_video/RGB/user5/4-3-1/RGB.mp4,Quietly,"Calmly,Hastily"
LM_video/RGB/user5/4-3-2/RGB.mp4,Calmly,"Hastily,Quietly"
LM_video/RGB/user5/4-3-3/RGB.mp4,Hastily,"Quietly,Calmly"
LM_video/RGB/user5/5-1-1/RGB.mp4,Meticulously,"Firmly,Hurriedly"
LM_video/RGB/user5/5-1-2/RGB.mp4,Firmly,"Hurriedly,Meticulously"
LM_video/RGB/user5/5-1-3/RGB.mp4,Hurriedly,"Meticulously,Firmly"
LM_video/RGB/user5/5-2-1/RGB.mp4,Slowly,"Steadily,Quickly"
LM_video/RGB/user5/5-2-2/RGB.mp4,Steadily,"Quickly,Slowly"
LM_video/RGB/user5/5-2-3/RGB.mp4,Quickly,"Slowly,Steadily"
LM_video/RGB/user5/6-1-1/RGB.mp4,Slowly,"Orderly,Hastily"
LM_video/RGB/user5/6-1-2/RGB.mp4,Orderly,"Hastily,Slowly"
LM_video/RGB/user5/6-1-3/RGB.mp4,Hastily,"Slowly,Orderly"
LM_video/RGB/user5/6-2-1/RGB.mp4,Slowly,"Steadily,Urgently"
LM_video/RGB/user5/6-2-2/RGB.mp4,Steadily,"Urgently,Slowly"
LM_video/RGB/user5/6-2-3/RGB.mp4,Urgently,"Slowly,Steadily"
LM_video/RGB/user5/7-1-1/RGB.mp4,Gently,"Calmly,Anxiously"
LM_video/RGB/user5/7-1-2/RGB.mp4,Calmly,"Anxiously,Gently"
LM_video/RGB/user5/7-1-3/RGB.mp4,Anxiously,"Gently,Calmly"
LM_video/RGB/user5/7-2-1/RGB.mp4,Slowly,"Quickly,Hurriedly"
LM_video/RGB/user5/7-2-2/RGB.mp4,Quickly,"Hurriedly,Slowly"
LM_video/RGB/user5/7-2-3/RGB.mp4,Hurriedly,"Slowly,Quickly"
LM_video/RGB/user6/1-1-1/RGB.mp4,Softly,"Calmly,Hurriedly"
LM_video/RGB/user6/1-1-2/RGB.mp4,Calmly,"Hurriedly,Softly"
LM_video/RGB/user6/1-1-3/RGB.mp4,Hurriedly,"Softly,Calmly"
LM_video/RGB/user6/1-2-1/RGB.mp4,Slowly,"Peacefully,Hurriedly"
LM_video/RGB/user6/1-2-2/RGB.mp4,Peacefully,"Hurriedly,Slowly"
LM_video/RGB/user6/1-2-3/RGB.mp4,Hurriedly,"Slowly,Peacefully"
LM_video/RGB/user6/2-1-1/RGB.mp4,Leisurely,"Calmly,Quickly"
LM_video/RGB/user6/2-1-2/RGB.mp4,Calmly,"Quickly,Leisurely"
LM_video/RGB/user6/2-1-3/RGB.mp4,Quickly,"Leisurely,Calmly"
LM_video/RGB/user6/2-2-1/RGB.mp4,Slowly,"Seriously,Hastily"
LM_video/RGB/user6/2-2-2/RGB.mp4,Seriously,"Hastily,Slowly"
LM_video/RGB/user6/2-2-3/RGB.mp4,Hastily,"Slowly,Seriously"
LM_video/RGB/user6/2-3-1/RGB.mp4,Patiently,"Calmly,Hurriedly"
LM_video/RGB/user6/2-3-2/RGB.mp4,Calmly,"Hurriedly,Patiently"
LM_video/RGB/user6/2-3-3/RGB.mp4,Hurriedly,"Patiently,Calmly"
LM_video/RGB/user6/3-1-1/RGB.mp4,Leisurely,"Orderly,Frantically"
LM_video/RGB/user6/3-1-2/RGB.mp4,Orderly,"Frantically,Leisurely"
LM_video/RGB/user6/3-1-3/RGB.mp4,Frantically,"Leisurely,Orderly"
LM_video/RGB/user6/3-2-1/RGB.mp4,Patiently,"Attentively,Nervously"
LM_video/RGB/user6/3-2-2/RGB.mp4,Attentively,"Nervously,Patiently"
LM_video/RGB/user6/3-2-3/RGB.mp4,Nervously,"Patiently,Attentively"
LM_video/RGB/user6/3-3-1/RGB.mp4,Carefully,"Meticulously,Quickly"
LM_video/RGB/user6/3-3-2/RGB.mp4,Meticulously,"Quickly,Carefully"
LM_video/RGB/user6/3-3-3/RGB.mp4,Quickly,"Carefully,Meticulously"
LM_video/RGB/user6/4-1-1/RGB.mp4,Leisurely,"Calmly,Anxiously"
LM_video/RGB/user6/4-1-2/RGB.mp4,Calmly,"Anxiously,Leisurely"
LM_video/RGB/user6/4-1-3/RGB.mp4,Anxiously,"Leisurely,Calmly"
LM_video/RGB/user6/5-1-1/RGB.mp4,Lazily,"Quietly,Impatiently"
LM_video/RGB/user6/5-1-2/RGB.mp4,Quietly,"Impatiently,Lazily"
LM_video/RGB/user6/5-1-3/RGB.mp4,Impatiently,"Lazily,Quietly"
LM_video/RGB/user6/5-2-1/RGB.mp4,Slowly,"Steadily,Quickly"
LM_video/RGB/user6/5-2-2/RGB.mp4,Steadily,"Quickly,Slowly"
LM_video/RGB/user6/5-2-3/RGB.mp4,Quickly,"Slowly,Steadily"
LM_video/RGB/user6/5-3-1/RGB.mp4,Slowly,"Calmly,Hastily"
LM_video/RGB/user6/5-3-2/RGB.mp4,Calmly,"Hastily,Slowly"
LM_video/RGB/user6/5-3-3/RGB.mp4,Hastily,"Slowly,Calmly"
LM_video/RGB/user6/6-1-1/RGB.mp4,Leisurely,"Quickly,Steadily"
LM_video/RGB/user6/6-1-2/RGB.mp4,Quickly,"Steadily,Leisurely"
LM_video/RGB/user6/6-1-3/RGB.mp4,Steadily,"Leisurely,Quickly"
LM_video/RGB/user6/6-2-1/RGB.mp4,Casually,"Impatiently,Orderly"
LM_video/RGB/user6/6-2-2/RGB.mp4,Impatiently,"Orderly,Casually"
LM_video/RGB/user6/6-2-3/RGB.mp4,Orderly,"Casually,Impatiently"
LM_video/RGB/user6/7-1-1/RGB.mp4,Gently,"Steadily,Quickly"
LM_video/RGB/user6/7-1-2/RGB.mp4,Steadily,"Quickly,Gently"
LM_video/RGB/user6/7-1-3/RGB.mp4,Quickly,"Gently,Steadily"
LM_video/RGB/user6/7-2-1/RGB.mp4,Gracefully,"Steadily,Hurriedly"
LM_video/RGB/user6/7-2-2/RGB.mp4,Steadily,"Hurriedly,Gracefully"
LM_video/RGB/user6/7-2-3/RGB.mp4,Hurriedly,"Gracefully,Steadily"
LM_video/RGB/user6/7-3-1/RGB.mp4,Peacefully,"Carefully,Rapidly"
LM_video/RGB/user6/7-3-2/RGB.mp4,Carefully,"Rapidly,Peacefully"
LM_video/RGB/user6/7-3-3/RGB.mp4,Rapidly,"Peacefully,Carefully"
LM_video/RGB/user7/1-1-1/RGB.mp4,Meticulously,"Steadily,Rapidly"
LM_video/RGB/user7/1-1-2/RGB.mp4,Steadily,"Rapidly,Meticulously"
LM_video/RGB/user7/1-1-3/RGB.mp4,Rapidly,"Meticulously,Steadily"
LM_video/RGB/user7/1-2-1/RGB.mp4,Gracefully,"Hurriedly,Calmly"
LM_video/RGB/user7/1-2-2/RGB.mp4,Hurriedly,"Calmly,Gracefully"
LM_video/RGB/user7/1-2-3/RGB.mp4,Calmly,"Gracefully,Hurriedly"
LM_video/RGB/user7/2-1-1/RGB.mp4,Leisurely,"Calmly,Hastily"
LM_video/RGB/user7/2-1-2/RGB.mp4,Calmly,"Hastily,Leisurely"
LM_video/RGB/user7/2-1-3/RGB.mp4,Hastily,"Leisurely,Calmly"
LM_video/RGB/user7/2-2-1/RGB.mp4,Slowly,"Steadily,Rapidly"
LM_video/RGB/user7/2-2-2/RGB.mp4,Steadily,"Rapidly,Slowly"
LM_video/RGB/user7/2-2-3/RGB.mp4,Rapidly,"Slowly,Steadily"
LM_video/RGB/user7/3-1-1/RGB.mp4,Gently,"Smoothly,Quickly"
LM_video/RGB/user7/3-1-2/RGB.mp4,Smoothly,"Quickly,Gently"
LM_video/RGB/user7/3-1-3/RGB.mp4,Quickly,"Gently,Smoothly"
LM_video/RGB/user7/3-2-1/RGB.mp4,Slowly,"Steadily,Quickly"
LM_video/RGB/user7/3-2-2/RGB.mp4,Steadily,"Quickly,Slowly"
LM_video/RGB/user7/3-2-3/RGB.mp4,Quickly,"Slowly,Steadily"
LM_video/RGB/user7/3-3-1/RGB.mp4,Gently,"Steadily,Hasitly"
LM_video/RGB/user7/3-3-2/RGB.mp4,Steadily,"Hasitly,Gently"
LM_video/RGB/user7/3-3-3/RGB.mp4,Hasitly,"Gently,Steadily"
LM_video/RGB/user7/4-1-1/RGB.mp4,Leisurely,"Steadily,Hurriedly"
LM_video/RGB/user7/4-1-2/RGB.mp4,Steadily,"Hurriedly,Leisurely"
LM_video/RGB/user7/4-1-3/RGB.mp4,Hurriedly,"Leisurely,Steadily"
LM_video/RGB/user7/5-1-1/RGB.mp4,Slowly,"Attentively,Impatiently"
LM_video/RGB/user7/5-1-2/RGB.mp4,Attentively,"Impatiently,Slowly"
LM_video/RGB/user7/5-1-3/RGB.mp4,Impatiently,"Slowly,Attentively"
LM_video/RGB/user7/5-2-1/RGB.mp4,Casually,"Smoothly,Hurriedly"
LM_video/RGB/user7/5-2-2/RGB.mp4,Smoothly,"Hurriedly,Casually"
LM_video/RGB/user7/5-2-3/RGB.mp4,Hurriedly,"Casually,Smoothly"
LM_video/RGB/user7/5-3-1/RGB.mp4,Unhurriedly,"Neatly,Anxiously"
LM_video/RGB/user7/5-3-2/RGB.mp4,Neatly,"Anxiously,Unhurriedly"
LM_video/RGB/user7/5-3-3/RGB.mp4,Anxiously,"Unhurriedly,Neatly"
LM_video/RGB/user7/6-1-1/RGB.mp4,Slowly,"Naturally,Hastily"
LM_video/RGB/user7/6-1-2/RGB.mp4,Naturally,"Hastily,Slowly"
LM_video/RGB/user7/6-1-3/RGB.mp4,Hastily,"Slowly,Naturally"
LM_video/RGB/user7/6-2-1/RGB.mp4,Leisurely,"Steadily,Tensly"
LM_video/RGB/user7/6-2-2/RGB.mp4,Steadily,"Tensly,Leisurely"
LM_video/RGB/user7/6-2-3/RGB.mp4,Tensly,"Leisurely,Steadily"
LM_video/RGB/user7/6-3-1/RGB.mp4,Quietly,"Smoothly,Hurriedly"
LM_video/RGB/user7/6-3-2/RGB.mp4,Smoothly,"Hurriedly,Quietly"
LM_video/RGB/user7/6-3-3/RGB.mp4,Hurriedly,"Quietly,Smoothly"
LM_video/RGB/user7/7-1-1/RGB.mp4,Gently,"Calmly,Quickly"
LM_video/RGB/user7/7-1-2/RGB.mp4,Calmly,"Quickly,Gently"
LM_video/RGB/user7/7-1-3/RGB.mp4,Quickly,"Gently,Calmly"
LM_video/RGB/user7/7-2-1/RGB.mp4,Slowly,"Neatly,Hastily"
LM_video/RGB/user7/7-2-2/RGB.mp4,Neatly,"Hastily,Slowly"
LM_video/RGB/user7/7-2-3/RGB.mp4,Hastily,"Slowly,Neatly"
LM_video/RGB/user8/1-1-1/RGB.mp4,Unhurriedly,"Intently,Absentmindedly"
LM_video/RGB/user8/1-1-2/RGB.mp4,Intently,"Absentmindedly,Unhurriedly"
LM_video/RGB/user8/1-1-3/RGB.mp4,Absentmindedly,"Unhurriedly,Intently"
LM_video/RGB/user8/1-2-1/RGB.mp4,Contently,"Briskly,Lazily"
LM_video/RGB/user8/1-2-2/RGB.mp4,Briskly,"Lazily,Contently"
LM_video/RGB/user8/1-2-3/RGB.mp4,Lazily,"Contently,Briskly"
LM_video/RGB/user8/2-1-1/RGB.mp4,Relaxedly,"Attentively,Nervously"
LM_video/RGB/user8/2-1-2/RGB.mp4,Attentively,"Nervously,Relaxedly"
LM_video/RGB/user8/2-1-3/RGB.mp4,Nervously,"Relaxedly,Attentively"
LM_video/RGB/user8/2-2-1/RGB.mp4,Meticulously,"Briskly,Hastily"
LM_video/RGB/user8/2-2-2/RGB.mp4,Briskly,"Hastily,Meticulously"
LM_video/RGB/user8/2-2-3/RGB.mp4,Hastily,"Meticulously,Briskly"
LM_video/RGB/user8/3-1-1/RGB.mp4,Deliberately,"Quickly,Precisely"
LM_video/RGB/user8/3-1-2/RGB.mp4,Quickly,"Precisely,Deliberately"
LM_video/RGB/user8/3-1-3/RGB.mp4,Precisely,"Deliberately,Quickly"
LM_video/RGB/user8/3-2-1/RGB.mp4,Leisurely,"Rapidly,Evenly"
LM_video/RGB/user8/3-2-2/RGB.mp4,Rapidly,"Evenly,Leisurely"
LM_video/RGB/user8/3-2-3/RGB.mp4,Evenly,"Leisurely,Rapidly"
LM_video/RGB/user8/3-3-1/RGB.mp4,Gently,"Quickly,Thoroughly"
LM_video/RGB/user8/3-3-2/RGB.mp4,Quickly,"Thoroughly,Gently"
LM_video/RGB/user8/3-3-3/RGB.mp4,Thoroughly,"Gently,Quickly"
LM_video/RGB/user8/4-1-1/RGB.mp4,Quietly,"Rapidly,Steadily"
LM_video/RGB/user8/4-1-2/RGB.mp4,Rapidly,"Steadily,Quietly"
LM_video/RGB/user8/4-1-3/RGB.mp4,Steadily,"Quietly,Rapidly"
LM_video/RGB/user8/4-2-1/RGB.mp4,Cautiously,"Briskly,Orderly"
LM_video/RGB/user8/4-2-2/RGB.mp4,Briskly,"Orderly,Cautiously"
LM_video/RGB/user8/4-2-3/RGB.mp4,Orderly,"Cautiously,Briskly"
LM_video/RGB/user8/5-1-1/RGB.mp4,Gracefully,"Peacefully,Anxiously"
LM_video/RGB/user8/5-1-2/RGB.mp4,Peacefully,"Anxiously,Gracefully"
LM_video/RGB/user8/5-1-3/RGB.mp4,Anxiously,"Gracefully,Peacefully"
LM_video/RGB/user8/6-1-1/RGB.mp4,Slowly,"Rapidly,Calmly"
LM_video/RGB/user8/6-1-2/RGB.mp4,Rapidly,"Calmly,Slowly"
LM_video/RGB/user8/6-1-3/RGB.mp4,Calmly,"Slowly,Rapidly"
LM_video/RGB/user8/6-2-1/RGB.mp4,Gently,"Frantically,Naturally"
LM_video/RGB/user8/6-2-2/RGB.mp4,Frantically,"Naturally,Gently"
LM_video/RGB/user8/6-2-3/RGB.mp4,Naturally,"Gently,Frantically"
LM_video/RGB/user8/7-1-1/RGB.mp4,Slowly,"Calmly,Anxiously"
LM_video/RGB/user8/7-1-2/RGB.mp4,Calmly,"Anxiously,Slowly"
LM_video/RGB/user8/7-1-3/RGB.mp4,Anxiously,"Slowly,Calmly"
LM_video/RGB/user8/7-2-1/RGB.mp4,Slowly,"Quickly,Hurriedly"
LM_video/RGB/user8/7-2-2/RGB.mp4,Quickly,"Hurriedly,Slowly"
LM_video/RGB/user8/7-2-3/RGB.mp4,Hurriedly,"Slowly,Quickly"
LM_video/RGB/user9/1-1-1/RGB.mp4,Unhurriedly,"Briskly,Carefully"
LM_video/RGB/user9/1-1-2/RGB.mp4,Briskly,"Carefully,Unhurriedly"
LM_video/RGB/user9/1-1-3/RGB.mp4,Carefully,"Unhurriedly,Briskly"
LM_video/RGB/user9/1-2-1/RGB.mp4,Gently,"Rapidly,Attentively"
LM_video/RGB/user9/1-2-2/RGB.mp4,Rapidly,"Attentively,Gently"
LM_video/RGB/user9/1-2-3/RGB.mp4,Attentively,"Gently,Rapidly"
LM_video/RGB/user9/2-1-1/RGB.mp4,Smoothly,"Methodically,Urgently"
LM_video/RGB/user9/2-1-2/RGB.mp4,Methodically,"Urgently,Smoothly"
LM_video/RGB/user9/2-1-3/RGB.mp4,Urgently,"Smoothly,Methodically"
LM_video/RGB/user9/2-2-1/RGB.mp4,Slowly,"Steadily,Quickly"
LM_video/RGB/user9/2-2-2/RGB.mp4,Steadily,"Quickly,Slowly"
LM_video/RGB/user9/2-2-3/RGB.mp4,Quickly,"Slowly,Steadily"
LM_video/RGB/user9/2-3-1/RGB.mp4,Carefully,"Orderly,Hurriedly"
LM_video/RGB/user9/2-3-2/RGB.mp4,Orderly,"Hurriedly,Carefully"
LM_video/RGB/user9/2-3-3/RGB.mp4,Hurriedly,"Carefully,Orderly"
LM_video/RGB/user9/3-1-1/RGB.mp4,Casually,"Calmly,Anxiously"
LM_video/RGB/user9/3-1-2/RGB.mp4,Calmly,"Anxiously,Casually"
LM_video/RGB/user9/3-1-3/RGB.mp4,Anxiously,"Casually,Calmly"
LM_video/RGB/user9/3-2-1/RGB.mp4,Slowly,"Smoothly,Rapidly"
LM_video/RGB/user9/3-2-2/RGB.mp4,Smoothly,"Rapidly,Slowly"
LM_video/RGB/user9/3-2-3/RGB.mp4,Rapidly,"Slowly,Smoothly"
LM_video/RGB/user9/3-3-1/RGB.mp4,Patiently,"Orderly,Hastily"
LM_video/RGB/user9/3-3-2/RGB.mp4,Orderly,"Hastily,Patiently"
LM_video/RGB/user9/3-3-3/RGB.mp4,Hastily,"Patiently,Orderly"
LM_video/RGB/user9/4-1-1/RGB.mp4,Leisurely,"Intently,Anxiously"
LM_video/RGB/user9/4-1-2/RGB.mp4,Intently,"Anxiously,Leisurely"
LM_video/RGB/user9/4-1-3/RGB.mp4,Anxiously,"Leisurely,Intently"
LM_video/RGB/user9/4-2-1/RGB.mp4,Leisurely,"Intently,Urgently"
LM_video/RGB/user9/4-2-2/RGB.mp4,Intently,"Urgently,Leisurely"
LM_video/RGB/user9/4-2-3/RGB.mp4,Urgently,"Leisurely,Intently"
LM_video/RGB/user9/4-3-1/RGB.mp4,Unhurriedly,"Intently,Nervously"
LM_video/RGB/user9/4-3-2/RGB.mp4,Intently,"Nervously,Unhurriedly"
LM_video/RGB/user9/4-3-3/RGB.mp4,Nervously,"Unhurriedly,Intently"
LM_video/RGB/user9/5-1-1/RGB.mp4,Softly,"Calmly,Anxiously"
LM_video/RGB/user9/5-1-2/RGB.mp4,Calmly,"Anxiously,Softly"
LM_video/RGB/user9/5-1-3/RGB.mp4,Anxiously,"Softly,Calmly"
LM_video/RGB/user9/5-2-1/RGB.mp4,Unhurriedly,"Neatly,Quickly"
LM_video/RGB/user9/5-2-2/RGB.mp4,Neatly,"Quickly,Unhurriedly"
LM_video/RGB/user9/5-2-3/RGB.mp4,Quickly,"Unhurriedly,Neatly"
LM_video/RGB/user9/5-3-1/RGB.mp4,Gently,"Steadily,Briskly"
LM_video/RGB/user9/5-3-2/RGB.mp4,Steadily,"Briskly,Gently"
LM_video/RGB/user9/5-3-3/RGB.mp4,Briskly,"Gently,Steadily"
LM_video/RGB/user9/6-1-1/RGB.mp4,Attentively,"Quickly,Leisurely"
LM_video/RGB/user9/6-1-2/RGB.mp4,Quickly,"Leisurely,Attentively"
LM_video/RGB/user9/6-1-3/RGB.mp4,Leisurely,"Attentively,Quickly"
LM_video/RGB/user9/6-2-1/RGB.mp4,Leisurely,"Nervously,Calmly"
LM_video/RGB/user9/6-2-2/RGB.mp4,Nervously,"Calmly,Leisurely"
LM_video/RGB/user9/6-2-3/RGB.mp4,Calmly,"Leisurely,Nervously"
LM_video/RGB/user9/7-1-1/RGB.mp4,Cautiously,"Urgently,Calmly"
LM_video/RGB/user9/7-1-2/RGB.mp4,Urgently,"Calmly,Cautiously"
LM_video/RGB/user9/7-1-3/RGB.mp4,Calmly,"Cautiously,Urgently"
LM_video/RGB/user9/7-2-1/RGB.mp4,Slowly,"Steadily,Forcefully"
LM_video/RGB/user9/7-2-2/RGB.mp4,Steadily,"Forcefully,Slowly"
LM_video/RGB/user9/7-2-3/RGB.mp4,Forcefully,"Slowly,Steadily"
LM_video/RGB/user10/1-1-1/RGB.mp4,Slowly,"Urgently,Calmly"
LM_video/RGB/user10/1-1-2/RGB.mp4,Urgently,"Calmly,Slowly"
LM_video/RGB/user10/1-1-3/RGB.mp4,Calmly,"Slowly,Urgently"
LM_video/RGB/user10/1-2-1/RGB.mp4,Smoothly,"Urgently,Attentively"
LM_video/RGB/user10/1-2-2/RGB.mp4,Urgently,"Attentively,Smoothly"
LM_video/RGB/user10/1-2-3/RGB.mp4,Attentively,"Smoothly,Urgently"
LM_video/RGB/user10/2-1-1/RGB.mp4,Slowly,"Naturally,Frantically"
LM_video/RGB/user10/2-1-2/RGB.mp4,Naturally,"Frantically,Slowly"
LM_video/RGB/user10/2-1-3/RGB.mp4,Frantically,"Slowly,Naturally"
LM_video/RGB/user10/2-2-1/RGB.mp4,Gently,"Steadily,Anxiously"
LM_video/RGB/user10/2-2-2/RGB.mp4,Steadily,"Anxiously,Gently"
LM_video/RGB/user10/2-2-3/RGB.mp4,Anxiously,"Gently,Steadily"
LM_video/RGB/user10/3-1-1/RGB.mp4,Meticulously,"Evenly,Hastily"
LM_video/RGB/user10/3-1-2/RGB.mp4,Evenly,"Hastily,Meticulously"
LM_video/RGB/user10/3-1-3/RGB.mp4,Hastily,"Meticulously,Evenly"
LM_video/RGB/user10/3-2-1/RGB.mp4,Patiently,"Thoroughly,Quickly"
LM_video/RGB/user10/3-2-2/RGB.mp4,Thoroughly,"Quickly,Patiently"
LM_video/RGB/user10/3-2-3/RGB.mp4,Quickly,"Patiently,Thoroughly"
LM_video/RGB/user10/4-1-1/RGB.mp4,Casually,"Urgently,Steadily"
LM_video/RGB/user10/4-1-2/RGB.mp4,Urgently,"Steadily,Casually"
LM_video/RGB/user10/4-1-3/RGB.mp4,Steadily,"Casually,Urgently"
LM_video/RGB/user10/4-2-1/RGB.mp4,Meticulously,"Hastily,Thoroughly"
LM_video/RGB/user10/4-2-2/RGB.mp4,Hastily,"Thoroughly,Meticulously"
LM_video/RGB/user10/4-2-3/RGB.mp4,Thoroughly,"Meticulously,Hastily"
LM_video/RGB/user10/5-1-1/RGB.mp4,Frantically,"Smoothly,Gracefully"
LM_video/RGB/user10/5-1-2/RGB.mp4,Smoothly,"Gracefully,Frantically"
LM_video/RGB/user10/5-1-3/RGB.mp4,Gracefully,"Frantically,Smoothly"
LM_video/RGB/user10/6-1-1/RGB.mp4,Lightly,"Nervously,Steadily"
LM_video/RGB/user10/6-1-2/RGB.mp4,Nervously,"Steadily,Lightly"
LM_video/RGB/user10/6-1-3/RGB.mp4,Steadily,"Lightly,Nervously"
LM_video/RGB/user10/6-2-1/RGB.mp4,Slowly,"Quickly,Softly"
LM_video/RGB/user10/6-2-2/RGB.mp4,Quickly,"Softly,Slowly"
LM_video/RGB/user10/6-2-3/RGB.mp4,Softly,"Slowly,Quickly"
LM_video/RGB/user10/6-3-1/RGB.mp4,Leisurely,"Rapidly,Carefully"
LM_video/RGB/user10/6-3-2/RGB.mp4,Rapidly,"Carefully,Leisurely"
LM_video/RGB/user10/6-3-3/RGB.mp4,Carefully,"Leisurely,Rapidly"
LM_video/RGB/user10/7-1-1/RGB.mp4,Gracefully,"Attentively,Hurriedly"
LM_video/RGB/user10/7-1-2/RGB.mp4,Attentively,"Hurriedly,Gracefully"
LM_video/RGB/user10/7-1-3/RGB.mp4,Carefully,"Leisurely,Rapidly"
LM_video/RGB/user10/7-2-1/RGB.mp4,Lightly,"Nervously,Steadily"
LM_video/RGB/user10/7-2-2/RGB.mp4,Nervously,"Steadily,Lightly"
LM_video/RGB/user10/7-2-3/RGB.mp4,Steadily,"Lightly,Nervously"
LM_video/RGB/user11/1-1-1/RGB.mp4,Gently,"Thoroughly,Hurriedly"
LM_video/RGB/user11/1-1-2/RGB.mp4,Thoroughly,"Hurriedly,Gently"
LM_video/RGB/user11/1-1-3/RGB.mp4,Hurriedly,"Gently,Thoroughly"
LM_video/RGB/user11/1-2-1/RGB.mp4,Relaxedly,"Steadily,Hurriedly"
LM_video/RGB/user11/1-2-2/RGB.mp4,Steadily,"Hurriedly,Relaxedly"
LM_video/RGB/user11/1-2-3/RGB.mp4,Hurriedly,"Relaxedly,Steadily"
LM_video/RGB/user11/2-1-1/RGB.mp4,Slowly,"Steadily,Rapidly"
LM_video/RGB/user11/2-1-2/RGB.mp4,Steadily,"Rapidly,Slowly"
LM_video/RGB/user11/2-1-3/RGB.mp4,Rapidly,"Slowly,Steadily"
LM_video/RGB/user11/2-2-1/RGB.mp4,Slowly,"Naturally,Hastily"
LM_video/RGB/user11/2-2-2/RGB.mp4,Naturally,"Hastily,Slowly"
LM_video/RGB/user11/2-2-3/RGB.mp4,Hastily,"Slowly,Naturally"
LM_video/RGB/user11/3-1-1/RGB.mp4,Slowly,"Smoothly,Quickly"
LM_video/RGB/user11/3-1-2/RGB.mp4,Smoothly,"Quickly,Slowly"
LM_video/RGB/user11/3-1-3/RGB.mp4,Hastily,"Slowly,Naturally"
LM_video/RGB/user11/3-2-1/RGB.mp4,Carefully,"Calmly,Hurriedly"
LM_video/RGB/user11/3-2-2/RGB.mp4,Calmly,"Hurriedly,Carefully"
LM_video/RGB/user11/3-2-3/RGB.mp4,Hurriedly,"Carefully,Calmly"
LM_video/RGB/user11/4-1-1/RGB.mp4,Lazily,"Calmly,Anxiously"
LM_video/RGB/user11/4-1-2/RGB.mp4,Calmly,"Anxiously,Lazily"
LM_video/RGB/user11/4-1-3/RGB.mp4,Anxiously,"Lazily,Calmly"
LM_video/RGB/user11/4-2-1/RGB.mp4,Unhurriedly,"Earnestly,Quickly"
LM_video/RGB/user11/4-2-2/RGB.mp4,Earnestly,"Quickly,Unhurriedly"
LM_video/RGB/user11/4-2-3/RGB.mp4,Quickly,"Unhurriedly,Earnestly"
LM_video/RGB/user11/5-1-1/RGB.mp4,Gracefully,"Steadily,Quickly"
LM_video/RGB/user11/5-1-2/RGB.mp4,Steadily,"Quickly,Gracefully"
LM_video/RGB/user11/5-1-3/RGB.mp4,Quickly,"Gracefully,Steadily"
LM_video/RGB/user11/5-2-1/RGB.mp4,Leisurely,"Confidently,Hurriedly"
LM_video/RGB/user11/5-2-2/RGB.mp4,Confidently,"Hurriedly,Leisurely"
LM_video/RGB/user11/5-2-3/RGB.mp4,Hurriedly,"Leisurely,Confidently"
LM_video/RGB/user11/6-1-1/RGB.mp4,Slowly,"Steadily,Rapidly"
LM_video/RGB/user11/6-1-2/RGB.mp4,Steadily,"Rapidly,Slowly"
LM_video/RGB/user11/6-1-3/RGB.mp4,Rapidly,"Slowly,Steadily"
LM_video/RGB/user11/6-2-1/RGB.mp4,Peacefully,"Calmly,Tensely"
LM_video/RGB/user11/6-2-2/RGB.mp4,Calmly,"Tensely,Peacefully"
LM_video/RGB/user11/6-2-3/RGB.mp4,Tensely,"Peacefully,Calmly"
LM_video/RGB/user11/7-1-1/RGB.mp4,Leisurely,"Hastily,Steadily"
LM_video/RGB/user11/7-1-2/RGB.mp4,Hastily,"Steadily,Leisurely"
LM_video/RGB/user11/7-1-3/RGB.mp4,Steadily,"Leisurely,Hastily"
LM_video/RGB/user11/7-2-1/RGB.mp4,Slowly,"Hurriedly,Softly"
LM_video/RGB/user11/7-2-2/RGB.mp4,Hurriedly,"Softly,Slowly"
LM_video/RGB/user11/7-2-3/RGB.mp4,Softly,"Slowly,Hurriedly"
LM_video/RGB/user12/1-1-1/RGB.mp4,Gently,"Carefully,Quickly"
LM_video/RGB/user12/1-1-2/RGB.mp4,Carefully,"Quickly,Gently"
LM_video/RGB/user12/1-1-3/RGB.mp4,Quickly,"Gently,Carefully"
LM_video/RGB/user12/1-2-1/RGB.mp4,Leisurely,"Attentively,Anxiously"
LM_video/RGB/user12/1-2-2/RGB.mp4,Attentively,"Anxiously,Leisurely"
LM_video/RGB/user12/1-2-3/RGB.mp4,Anxiously,"Leisurely,Attentively"
LM_video/RGB/user12/2-1-1/RGB.mp4,Meticulously,"Steadily,Hurriedly"
LM_video/RGB/user12/2-1-2/RGB.mp4,Steadily,"Hurriedly,Meticulously"
LM_video/RGB/user12/2-1-3/RGB.mp4,Hurriedly,"Meticulously,Steadily"
LM_video/RGB/user12/2-2-1/RGB.mp4,Slowly,"Steadily,Hurriedly"
LM_video/RGB/user12/2-2-2/RGB.mp4,Steadily,"Hurriedly,Slowly"
LM_video/RGB/user12/2-2-3/RGB.mp4,Hurriedly,"Slowly,Steadily"
LM_video/RGB/user12/3-1-1/RGB.mp4,Slowly,"Carefully,Quickly"
LM_video/RGB/user12/3-1-2/RGB.mp4,Carefully,"Quickly,Slowly"
LM_video/RGB/user12/3-1-3/RGB.mp4,Quickly,"Slowly,Carefully"
LM_video/RGB/user12/3-2-1/RGB.mp4,Patiently,"Calmly,Hastily"
LM_video/RGB/user12/3-2-2/RGB.mp4,Calmly,"Hastily,Patiently"
LM_video/RGB/user12/3-2-3/RGB.mp4,Hastily,"Patiently,Calmly"
LM_video/RGB/user12/3-3-1/RGB.mp4,Slowly,"Neatly,Quickly"
LM_video/RGB/user12/3-3-2/RGB.mp4,Neatly,"Quickly,Slowly"
LM_video/RGB/user12/3-3-3/RGB.mp4,Quickly,"Slowly,Neatly"
LM_video/RGB/user12/4-1-1/RGB.mp4,Anxiously,"Calmly,Leisurely"
LM_video/RGB/user12/4-1-2/RGB.mp4,Calmly,"Leisurely,Anxiously"
LM_video/RGB/user12/4-1-3/RGB.mp4,Leisurely,"Anxiously,Calmly"
LM_video/RGB/user12/4-2-1/RGB.mp4,Gently,"Seriously,Swiftly"
LM_video/RGB/user12/4-2-2/RGB.mp4,Seriously,"Swiftly,Gently"
LM_video/RGB/user12/4-2-3/RGB.mp4,Swiftly,"Gently,Seriously"
LM_video/RGB/user12/4-3-1/RGB.mp4,Hurriedly,"Carefully,Slowly"
LM_video/RGB/user12/4-3-2/RGB.mp4,Carefully,"Slowly,Hurriedly"
LM_video/RGB/user12/4-3-3/RGB.mp4,Slowly,"Hurriedly,Carefully"
LM_video/RGB/user12/5-1-1/RGB.mp4,Slowly,"Attentively,Urgently"
LM_video/RGB/user12/5-1-2/RGB.mp4,Attentively,"Urgently,Slowly"
LM_video/RGB/user12/5-1-3/RGB.mp4,Urgently,"Slowly,Attentively"
LM_video/RGB/user12/5-2-1/RGB.mp4,Peacefully,"Attentively,Tensely"
LM_video/RGB/user12/5-2-2/RGB.mp4,Attentively,"Tensely,Peacefully"
LM_video/RGB/user12/5-2-3/RGB.mp4,Tensely,"Peacefully,Attentively"
LM_video/RGB/user12/6-1-1/RGB.mp4,Leisurely,"Calmly,Anxiously"
LM_video/RGB/user12/6-1-2/RGB.mp4,Calmly,"Anxiously,Leisurely"
LM_video/RGB/user12/6-1-3/RGB.mp4,Anxiously,"Leisurely,Calmly"
LM_video/RGB/user12/6-2-1/RGB.mp4,Relaxedly,"Steadily,Hurriedly"
LM_video/RGB/user12/6-2-2/RGB.mp4,Steadily,"Hurriedly,Relaxedly"
LM_video/RGB/user12/6-2-3/RGB.mp4,Hurriedly,"Relaxedly,Steadily"
LM_video/RGB/user12/7-1-1/RGB.mp4,Slowly,"Calmly,Anxiously"
LM_video/RGB/user12/7-1-2/RGB.mp4,Calmly,"Anxiously,Slowly"
LM_video/RGB/user12/7-1-3/RGB.mp4,Anxiously,"Slowly,Calmly"
LM_video/RGB/user12/7-2-1/RGB.mp4,Gently,"Calmly,Rapidly"
LM_video/RGB/user12/7-2-2/RGB.mp4,Calmly,"Rapidly,Gently"
LM_video/RGB/user12/7-2-3/RGB.mp4,Rapidly,"Gently,Calmly"
LM_video/RGB/user12/7-3-1/RGB.mp4,Slowly,"Evenly,Quickly"
LM_video/RGB/user12/7-3-2/RGB.mp4,Evenly,"Quickly,Slowly"
LM_video/RGB/user12/7-3-3/RGB.mp4,Quickly,"Slowly,Evenly"
LM_video/RGB/user13/1-1-1/RGB.mp4,Meticulously,"Quickly,Orderly"
LM_video/RGB/user13/1-1-2/RGB.mp4,Quickly,"Orderly,Meticulously"
LM_video/RGB/user13/1-1-3/RGB.mp4,Orderly,"Meticulously,Quickly"
LM_video/RGB/user13/1-2-1/RGB.mp4,Slowly,"Briskly,Steadily"
LM_video/RGB/user13/1-2-2/RGB.mp4,Briskly,"Steadily,Slowly"
LM_video/RGB/user13/1-2-3/RGB.mp4,Steadily,"Slowly,Briskly"
LM_video/RGB/user13/2-1-1/RGB.mp4,Leisurely,"Smoothly,Hurriedly"
LM_video/RGB/user13/2-1-2/RGB.mp4,Smoothly,"Hurriedly,Leisurely"
LM_video/RGB/user13/2-1-3/RGB.mp4,Hurriedly,"Leisurely,Smoothly"
LM_video/RGB/user13/2-2-1/RGB.mp4,Soothingly,"Orderly,Quickly"
LM_video/RGB/user13/2-2-2/RGB.mp4,Orderly,"Quickly,Soothingly"
LM_video/RGB/user13/2-2-3/RGB.mp4,Quickly,"Soothingly,Orderly"
LM_video/RGB/user13/2-3-1/RGB.mp4,Quietly,"Calmly,Hurriedly"
LM_video/RGB/user13/2-3-2/RGB.mp4,Calmly,"Hurriedly,Quietly"
LM_video/RGB/user13/2-3-3/RGB.mp4,Hurriedly,"Quietly,Calmly"
LM_video/RGB/user13/3-1-1/RGB.mp4,Meticulously,"Quickly,Orderly"
LM_video/RGB/user13/3-1-2/RGB.mp4,Quickly,"Orderly,Meticulously"
LM_video/RGB/user13/3-1-3/RGB.mp4,Orderly,"Meticulously,Quickly"
LM_video/RGB/user13/3-2-1/RGB.mp4,Leisurely,"Frantically,Orderly"
LM_video/RGB/user13/3-2-2/RGB.mp4,Frantically,"Orderly,Leisurely"
LM_video/RGB/user13/3-2-3/RGB.mp4,Orderly,"Leisurely,Frantically"
LM_video/RGB/user13/4-1-1/RGB.mp4,Gracefully,"Steadily,Quickly"
LM_video/RGB/user13/4-1-2/RGB.mp4,Steadily,"Quickly,Gracefully"
LM_video/RGB/user13/4-1-3/RGB.mp4,Quickly,"Gracefully,Steadily"
LM_video/RGB/user13/4-2-1/RGB.mp4,Gracefully,"Carefully,Quickly"
LM_video/RGB/user13/4-2-2/RGB.mp4,Carefully,"Quickly,Gracefully"
LM_video/RGB/user13/4-2-3/RGB.mp4,Quickly,"Gracefully,Carefully"
LM_video/RGB/user13/4-3-1/RGB.mp4,Slowly,"Steadily,Hastily"
LM_video/RGB/user13/4-3-2/RGB.mp4,Steadily,"Hastily,Slowly"
LM_video/RGB/user13/4-3-3/RGB.mp4,Hastily,"Slowly,Steadily"
LM_video/RGB/user13/5-1-1/RGB.mp4,Casually,"Tensely,Gracefully"
LM_video/RGB/user13/5-1-2/RGB.mp4,Tensely,"Gracefully,Casually"
LM_video/RGB/user13/5-1-3/RGB.mp4,Gracefully,"Casually,Tensely"
LM_video/RGB/user13/5-2-1/RGB.mp4,Leisurely,"Evenly,Impatiently"
LM_video/RGB/user13/5-2-2/RGB.mp4,Evenly,"Impatiently,Leisurely"
LM_video/RGB/user13/5-2-3/RGB.mp4,Impatiently,"Leisurely,Evenly"
LM_video/RGB/user13/5-3-1/RGB.mp4,Intently,"Urgently,Peacefully"
LM_video/RGB/user13/5-3-2/RGB.mp4,Urgently,"Peacefully,Intently"
LM_video/RGB/user13/5-3-3/RGB.mp4,Peacefully,"Intently,Urgently"
LM_video/RGB/user13/6-1-1/RGB.mp4,Gently,"Tensely,Evenly"
LM_video/RGB/user13/6-1-2/RGB.mp4,Tensely,"Evenly,Gently"
LM_video/RGB/user13/6-1-3/RGB.mp4,Evenly,"Gently,Tensely"
LM_video/RGB/user13/6-3-1/RGB.mp4,Smoothly,"Hurriedly,Evenly"
LM_video/RGB/user13/6-3-2/RGB.mp4,Hurriedly,"Evenly,Smoothly"
LM_video/RGB/user13/6-3-3/RGB.mp4,Evenly,"Smoothly,Hurriedly"
LM_video/RGB/user13/7-1-1/RGB.mp4,Slowly,"Naturally,Hastily"
LM_video/RGB/user13/7-1-2/RGB.mp4,Naturally,"Hastily,Slowly"
LM_video/RGB/user13/7-1-3/RGB.mp4,Hastily,"Slowly,Naturally"
LM_video/RGB/user13/7-2-1/RGB.mp4,Gently,"Calmly,Urgently"
LM_video/RGB/user13/7-2-2/RGB.mp4,Calmly,"Urgently,Gently"
LM_video/RGB/user13/7-2-3/RGB.mp4,Urgently,"Gently,Calmly"
LM_video/RGB/user13/7-3-1/RGB.mp4,Slowly,"Evenly,Restlessly"
LM_video/RGB/user13/7-3-2/RGB.mp4,Evenly,"Restlessly,Slowly"
LM_video/RGB/user13/7-3-3/RGB.mp4,Restlessly,"Slowly,Evenly"
LM_video/RGB/user14/1-1-1/RGB.mp4,Calmly,"Carefully,Swiftly"
LM_video/RGB/user14/1-1-2/RGB.mp4,Carefully,"Swiftly,Calmly"
LM_video/RGB/user14/1-1-3/RGB.mp4,Swiftly,"Calmly,Carefully"
LM_video/RGB/user14/1-2-1/RGB.mp4,Gently,"Orderly,Nervously"
LM_video/RGB/user14/1-2-2/RGB.mp4,Orderly,"Nervously,Gently"
LM_video/RGB/user14/1-2-3/RGB.mp4,Nervously,"Gently,Orderly"
LM_video/RGB/user14/2-1-1/RGB.mp4,Leisurely,"Calmly,Anxiously"
LM_video/RGB/user14/2-1-2/RGB.mp4,Calmly,"Anxiously,Leisurely"
LM_video/RGB/user14/2-1-3/RGB.mp4,Anxiously,"Leisurely,Calmly"
LM_video/RGB/user14/2-2-1/RGB.mp4,Leisurely,"Seriously,Restlessly"
LM_video/RGB/user14/2-2-2/RGB.mp4,Seriously,"Restlessly,Leisurely"
LM_video/RGB/user14/2-2-3/RGB.mp4,Restlessly,"Leisurely,Seriously"
LM_video/RGB/user14/3-2-1/RGB.mp4,Gracefully,"Frantically,Naturally"
LM_video/RGB/user14/3-2-2/RGB.mp4,Frantically,"Naturally,Gracefully"
LM_video/RGB/user14/3-2-3/RGB.mp4,Naturally,"Gracefully,Frantically"
LM_video/RGB/user14/4-1-1/RGB.mp4,Leisurely,"Steadily,Hastily"
LM_video/RGB/user14/4-1-2/RGB.mp4,Steadily,"Hastily,Leisurely"
LM_video/RGB/user14/4-1-3/RGB.mp4,Hastily,"Leisurely,Steadily"
LM_video/RGB/user14/4-2-1/RGB.mp4,Slowly,"Patiently,Rapidly"
LM_video/RGB/user14/4-2-2/RGB.mp4,Patiently,"Rapidly,Slowly"
LM_video/RGB/user14/4-2-3/RGB.mp4,Rapidly,"Slowly,Patiently"
LM_video/RGB/user14/4-3-1/RGB.mp4,Relaxedly,"Seriously,Anxiously"
LM_video/RGB/user14/4-3-2/RGB.mp4,Seriously,"Anxiously,Relaxedly"
LM_video/RGB/user14/4-3-3/RGB.mp4,Anxiously,"Relaxedly,Seriously"
LM_video/RGB/user14/5-1-1/RGB.mp4,Casually,"Attentively,Hastily"
LM_video/RGB/user14/5-1-2/RGB.mp4,Attentively,"Hastily,Casually"
LM_video/RGB/user14/5-1-3/RGB.mp4,Hastily,"Casually,Attentively"
LM_video/RGB/user14/5-2-1/RGB.mp4,Gently,"Calmly,Anxiously"
LM_video/RGB/user14/5-2-2/RGB.mp4,Calmly,"Anxiously,Gently"
LM_video/RGB/user14/5-2-3/RGB.mp4,Anxiously,"Gently,Calmly"
LM_video/RGB/user14/5-3-1/RGB.mp4,Joyfully,"Quietly,Tensely"
LM_video/RGB/user14/5-3-2/RGB.mp4,Quietly,"Tensely,Joyfully"
LM_video/RGB/user14/5-3-3/RGB.mp4,Tensely,"Joyfully,Quietly"
LM_video/RGB/user14/6-2-1/RGB.mp4,Leisurely,"Naturally,Hurriedly"
LM_video/RGB/user14/6-2-2/RGB.mp4,Naturally,"Hurriedly,Leisurely"
LM_video/RGB/user14/6-2-3/RGB.mp4,Hurriedly,"Leisurely,Naturally"
LM_video/RGB/user14/6-3-1/RGB.mp4,Slowly,"Steadily,Restlessly"
LM_video/RGB/user14/6-3-2/RGB.mp4,Steadily,"Restlessly,Slowly"
LM_video/RGB/user14/6-3-3/RGB.mp4,Restlessly,"Slowly,Steadily"
LM_video/RGB/user14/7-1-1/RGB.mp4,Meticulously,"Tensely,Steadily"
LM_video/RGB/user14/7-1-2/RGB.mp4,Tensely,"Steadily,Meticulously"
LM_video/RGB/user14/7-1-3/RGB.mp4,Steadily,"Meticulously,Tensely"
LM_video/RGB/user14/7-2-1/RGB.mp4,Leisurely,"Impatiently,Seriously"
LM_video/RGB/user14/7-2-2/RGB.mp4,Impatiently,"Seriously,Leisurely"
LM_video/RGB/user14/7-2-3/RGB.mp4,Seriously,"Leisurely,Impatiently"
LM_video/RGB/user15/1-1-1/RGB.mp4,Gently,"Steadily,Hurriedly"
LM_video/RGB/user15/1-1-2/RGB.mp4,Steadily,"Hurriedly,Gently"
LM_video/RGB/user15/1-1-3/RGB.mp4,Hurriedly,"Gently,Steadily"
LM_video/RGB/user15/1-2-1/RGB.mp4,Meticulously,"Calmly,Hurriedly"
LM_video/RGB/user15/1-2-2/RGB.mp4,Calmly,"Hurriedly,Meticulously"
LM_video/RGB/user15/1-2-3/RGB.mp4,Hurriedly,"Meticulously,Calmly"
LM_video/RGB/user15/2-1-1/RGB.mp4,Leisurely,"Hastily,Calmly"
LM_video/RGB/user15/2-1-2/RGB.mp4,Hastily,"Calmly,Leisurely"
LM_video/RGB/user15/2-1-3/RGB.mp4,Calmly,"Leisurely,Hastily"
LM_video/RGB/user15/3-1-1/RGB.mp4,Diligently,"Quickly,Methodically"
LM_video/RGB/user15/3-1-2/RGB.mp4,Quickly,"Methodically,Diligently"
LM_video/RGB/user15/3-1-3/RGB.mp4,Methodically,"Diligently,Quickly"
LM_video/RGB/user15/3-2-1/RGB.mp4,Gently,"Steadily,Quickly"
LM_video/RGB/user15/3-2-2/RGB.mp4,Steadily,"Quickly,Gently"
LM_video/RGB/user15/3-2-3/RGB.mp4,Quickly,"Gently,Steadily"
LM_video/RGB/user15/3-3-1/RGB.mp4,Quietly,"Anxiously,Comfortably"
LM_video/RGB/user15/3-3-2/RGB.mp4,Anxiously,"Comfortably,Quietly"
LM_video/RGB/user15/3-3-3/RGB.mp4,Comfortably,"Quietly,Anxiously"
LM_video/RGB/user15/4-1-1/RGB.mp4,Leisurely,"Calmly,Urgently"
LM_video/RGB/user15/4-1-2/RGB.mp4,Calmly,"Urgently,Leisurely"
LM_video/RGB/user15/4-1-3/RGB.mp4,Urgently,"Leisurely,Calmly"
LM_video/RGB/user15/4-2-1/RGB.mp4,Slowly,"Steadily,Quickly"
LM_video/RGB/user15/4-2-2/RGB.mp4,Steadily,"Quickly,Slowly"
LM_video/RGB/user15/4-2-3/RGB.mp4,Quickly,"Slowly,Steadily"
LM_video/RGB/user15/4-3-1/RGB.mp4,Slowly,"Intently,Nervously"
LM_video/RGB/user15/4-3-2/RGB.mp4,Intently,"Nervously,Slowly"
LM_video/RGB/user15/4-3-3/RGB.mp4,Nervously,"Slowly,Intently"
LM_video/RGB/user15/5-1-1/RGB.mp4,Leisurely,"Steadily,Anxiously"
LM_video/RGB/user15/5-1-2/RGB.mp4,Steadily,"Anxiously,Leisurely"
LM_video/RGB/user15/5-1-3/RGB.mp4,Anxiously,"Leisurely,Steadily"
LM_video/RGB/user15/5-2-1/RGB.mp4,Thoroughly,"Hurriedly,Steadily"
LM_video/RGB/user15/5-2-2/RGB.mp4,Hurriedly,"Steadily,Thoroughly"
LM_video/RGB/user15/5-2-3/RGB.mp4,Steadily,"Thoroughly,Hurriedly"
LM_video/RGB/user15/5-3-1/RGB.mp4,Peacefully,"Briskly,Steadily"
LM_video/RGB/user15/5-3-2/RGB.mp4,Briskly,"Steadily,Peacefully"
LM_video/RGB/user15/5-3-3/RGB.mp4,Steadily,"Peacefully,Briskly"
LM_video/RGB/user15/6-1-1/RGB.mp4,Intently,"Rapidly,Leisurely"
LM_video/RGB/user15/6-1-2/RGB.mp4,Rapidly,"Leisurely,Intently"
LM_video/RGB/user15/6-1-3/RGB.mp4,Leisurely,"Intently,Rapidly"
LM_video/RGB/user15/6-2-1/RGB.mp4,Gently,"Steadily,Swiftly"
LM_video/RGB/user15/6-2-2/RGB.mp4,Steadily,"Swiftly,Gently"
LM_video/RGB/user15/6-2-3/RGB.mp4,Swiftly,"Gently,Steadily"
LM_video/RGB/user15/6-3-1/RGB.mp4,Patiently,"Hurriedly,Comfortably"
LM_video/RGB/user15/6-3-2/RGB.mp4,Hurriedly,"Comfortably,Patiently"
LM_video/RGB/user15/6-3-3/RGB.mp4,Comfortably,"Patiently,Hurriedly"
LM_video/RGB/user15/7-1-1/RGB.mp4,Softly,"Smoothly,Nervously"
LM_video/RGB/user15/7-1-2/RGB.mp4,Smoothly,"Nervously,Softly"
LM_video/RGB/user15/7-1-3/RGB.mp4,Nervously,"Softly,Smoothly"
LM_video/RGB/user15/7-2-1/RGB.mp4,Gracefully,"Seriously,Quickly"
LM_video/RGB/user15/7-2-2/RGB.mp4,Seriously,"Quickly,Gracefully"
LM_video/RGB/user15/7-2-3/RGB.mp4,Quickly,"Gracefully,Seriously"
LM_video/RGB/user16/1-1-1/RGB.mp4,Softly,"Calmly,Hurriedly"
LM_video/RGB/user16/1-1-2/RGB.mp4,Calmly,"Hurriedly,Softly"
LM_video/RGB/user16/1-1-3/RGB.mp4,Hurriedly,"Softly,Calmly"
LM_video/RGB/user16/1-2-1/RGB.mp4,Slowly,"Peacefully,Hurriedly"
LM_video/RGB/user16/1-2-2/RGB.mp4,Peacefully,"Hurriedly,Slowly"
LM_video/RGB/user16/1-2-3/RGB.mp4,Hurriedly,"Slowly,Peacefully"
LM_video/RGB/user16/2-1-1/RGB.mp4,Leisurely,"Calmly,Quickly"
LM_video/RGB/user16/2-1-2/RGB.mp4,Calmly,"Quickly,Leisurely"
LM_video/RGB/user16/2-1-3/RGB.mp4,Quickly,"Leisurely,Calmly"
LM_video/RGB/user16/2-2-1/RGB.mp4,Slowly,"Seriously,Hastily"
LM_video/RGB/user16/2-2-2/RGB.mp4,Seriously,"Hastily,Slowly"
LM_video/RGB/user16/2-2-3/RGB.mp4,Hastily,"Slowly,Seriously"
LM_video/RGB/user16/2-3-1/RGB.mp4,Patiently,"Calmly,Hurriedly"
LM_video/RGB/user16/2-3-2/RGB.mp4,Calmly,"Hurriedly,Patiently"
LM_video/RGB/user16/2-3-3/RGB.mp4,Hurriedly,"Patiently,Calmly"
LM_video/RGB/user16/3-1-1/RGB.mp4,Leisurely,"Orderly,Frantically"
LM_video/RGB/user16/3-1-2/RGB.mp4,Orderly,"Frantically,Leisurely"
LM_video/RGB/user16/3-1-3/RGB.mp4,Frantically,"Leisurely,Orderly"
LM_video/RGB/user16/3-2-1/RGB.mp4,Patiently,"Attentively,Nervously"
LM_video/RGB/user16/3-2-2/RGB.mp4,Attentively,"Nervously,Patiently"
LM_video/RGB/user16/3-2-3/RGB.mp4,Nervously,"Patiently,Attentively"
LM_video/RGB/user16/3-3-1/RGB.mp4,Carefully,"Meticulously,Quickly"
LM_video/RGB/user16/3-3-2/RGB.mp4,Meticulously,"Quickly,Carefully"
LM_video/RGB/user16/3-3-3/RGB.mp4,Quickly,"Carefully,Meticulously"
LM_video/RGB/user16/4-1-1/RGB.mp4,Leisurely,"Calmly,Anxiously"
LM_video/RGB/user16/4-1-2/RGB.mp4,Calmly,"Anxiously,Leisurely"
LM_video/RGB/user16/4-1-3/RGB.mp4,Anxiously,"Leisurely,Calmly"
LM_video/RGB/user16/5-1-1/RGB.mp4,Lazily,"Quietly,Impatiently"
LM_video/RGB/user16/5-1-2/RGB.mp4,Quietly,"Impatiently,Lazily"
LM_video/RGB/user16/5-1-3/RGB.mp4,Impatiently,"Lazily,Quietly"
LM_video/RGB/user16/5-2-1/RGB.mp4,Slowly,"Steadily,Quickly"
LM_video/RGB/user16/5-2-2/RGB.mp4,Steadily,"Quickly,Slowly"
LM_video/RGB/user16/5-2-3/RGB.mp4,Quickly,"Slowly,Steadily"
LM_video/RGB/user16/5-3-1/RGB.mp4,Slowly,"Calmly,Hastily"
LM_video/RGB/user16/5-3-2/RGB.mp4,Calmly,"Hastily,Slowly"
LM_video/RGB/user16/5-3-3/RGB.mp4,Hastily,"Slowly,Calmly"
LM_video/RGB/user16/6-1-1/RGB.mp4,Leisurely,"Quickly,Steadily"
LM_video/RGB/user16/6-1-2/RGB.mp4,Quickly,"Steadily,Leisurely"
LM_video/RGB/user16/6-1-3/RGB.mp4,Steadily,"Leisurely,Quickly"
LM_video/RGB/user16/6-2-1/RGB.mp4,Casually,"Impatiently,Orderly"
LM_video/RGB/user16/6-2-2/RGB.mp4,Impatiently,"Orderly,Casually"
LM_video/RGB/user16/6-2-3/RGB.mp4,Orderly,"Casually,Impatiently"
LM_video/RGB/user16/7-1-1/RGB.mp4,Gently,"Steadily,Quickly"
LM_video/RGB/user16/7-1-2/RGB.mp4,Steadily,"Quickly,Gently"
LM_video/RGB/user16/7-1-3/RGB.mp4,Quickly,"Gently,Steadily"
LM_video/RGB/user16/7-2-1/RGB.mp4,Gracefully,"Steadily,Hurriedly"
LM_video/RGB/user16/7-2-2/RGB.mp4,Steadily,"Hurriedly,Gracefully"
LM_video/RGB/user16/7-2-3/RGB.mp4,Hurriedly,"Gracefully,Steadily"
LM_video/RGB/user16/7-3-1/RGB.mp4,Peacefully,"Carefully,Rapidly"
LM_video/RGB/user16/7-3-2/RGB.mp4,Carefully,"Rapidly,Peacefully"
LM_video/RGB/user16/7-3-3/RGB.mp4,Rapidly,"Peacefully,Carefully"
LM_video/RGB/user17/1-1-1/RGB.mp4,Meticulously,"Steadily,Rapidly"
LM_video/RGB/user17/1-1-2/RGB.mp4,Steadily,"Rapidly,Meticulously"
LM_video/RGB/user17/1-1-3/RGB.mp4,Rapidly,"Meticulously,Steadily"
LM_video/RGB/user17/1-2-1/RGB.mp4,Gracefully,"Hurriedly,Calmly"
LM_video/RGB/user17/1-2-2/RGB.mp4,Hurriedly,"Calmly,Gracefully"
LM_video/RGB/user17/1-2-3/RGB.mp4,Calmly,"Gracefully,Hurriedly"
LM_video/RGB/user17/2-1-1/RGB.mp4,Leisurely,"Calmly,Hastily"
LM_video/RGB/user17/2-1-2/RGB.mp4,Calmly,"Hastily,Leisurely"
LM_video/RGB/user17/2-1-3/RGB.mp4,Hastily,"Leisurely,Calmly"
LM_video/RGB/user17/2-2-1/RGB.mp4,Slowly,"Steadily,Rapidly"
LM_video/RGB/user17/2-2-2/RGB.mp4,Steadily,"Rapidly,Slowly"
LM_video/RGB/user17/2-2-3/RGB.mp4,Rapidly,"Slowly,Steadily"
LM_video/RGB/user17/3-1-1/RGB.mp4,Gently,"Smoothly,Quickly"
LM_video/RGB/user17/3-1-2/RGB.mp4,Smoothly,"Quickly,Gently"
LM_video/RGB/user17/3-1-3/RGB.mp4,Quickly,"Gently,Smoothly"
LM_video/RGB/user17/3-2-1/RGB.mp4,Slowly,"Steadily,Quickly"
LM_video/RGB/user17/3-2-2/RGB.mp4,Steadily,"Quickly,Slowly"
LM_video/RGB/user17/3-2-3/RGB.mp4,Quickly,"Slowly,Steadily"
LM_video/RGB/user17/3-3-1/RGB.mp4,Gently,"Steadily,Hasitly"
LM_video/RGB/user17/3-3-2/RGB.mp4,Steadily,"Hasitly,Gently"
LM_video/RGB/user17/3-3-3/RGB.mp4,Hasitly,"Gently,Steadily"
LM_video/RGB/user17/4-1-1/RGB.mp4,Leisurely,"Steadily,Hurriedly"
LM_video/RGB/user17/4-1-2/RGB.mp4,Steadily,"Hurriedly,Leisurely"
LM_video/RGB/user17/4-1-3/RGB.mp4,Hurriedly,"Leisurely,Steadily"
LM_video/RGB/user17/5-1-1/RGB.mp4,Slowly,"Attentively,Impatiently"
LM_video/RGB/user17/5-1-2/RGB.mp4,Attentively,"Impatiently,Slowly"
LM_video/RGB/user17/5-1-3/RGB.mp4,Impatiently,"Slowly,Attentively"
LM_video/RGB/user17/5-2-1/RGB.mp4,Casually,"Smoothly,Hurriedly"
LM_video/RGB/user17/5-2-2/RGB.mp4,Smoothly,"Hurriedly,Casually"
LM_video/RGB/user17/5-2-3/RGB.mp4,Hurriedly,"Casually,Smoothly"
LM_video/RGB/user17/5-3-1/RGB.mp4,Unhurriedly,"Neatly,Anxiously"
LM_video/RGB/user17/5-3-2/RGB.mp4,Neatly,"Anxiously,Unhurriedly"
LM_video/RGB/user17/5-3-3/RGB.mp4,Anxiously,"Unhurriedly,Neatly"
LM_video/RGB/user17/6-1-1/RGB.mp4,Slowly,"Naturally,Hastily"
LM_video/RGB/user17/6-1-2/RGB.mp4,Naturally,"Hastily,Slowly"
LM_video/RGB/user17/6-1-3/RGB.mp4,Hastily,"Slowly,Naturally"
LM_video/RGB/user17/6-2-1/RGB.mp4,Leisurely,"Steadily,Tensly"
LM_video/RGB/user17/6-2-2/RGB.mp4,Steadily,"Tensly,Leisurely"
LM_video/RGB/user17/6-2-3/RGB.mp4,Tensly,"Leisurely,Steadily"
LM_video/RGB/user17/6-3-1/RGB.mp4,Quietly,"Smoothly,Hurriedly"
LM_video/RGB/user17/6-3-2/RGB.mp4,Smoothly,"Hurriedly,Quietly"
LM_video/RGB/user17/6-3-3/RGB.mp4,Hurriedly,"Quietly,Smoothly"
LM_video/RGB/user17/7-1-1/RGB.mp4,Gently,"Calmly,Quickly"
LM_video/RGB/user17/7-1-2/RGB.mp4,Calmly,"Quickly,Gently"
LM_video/RGB/user17/7-1-3/RGB.mp4,Quickly,"Gently,Calmly"
LM_video/RGB/user17/7-2-1/RGB.mp4,Slowly,"Neatly,Hastily"
LM_video/RGB/user17/7-2-2/RGB.mp4,Neatly,"Hastily,Slowly"
LM_video/RGB/user17/7-2-3/RGB.mp4,Hastily,"Slowly,Neatly"
LM_video/RGB/user18/1-1-1/RGB.mp4,Unhurriedly,"Intently,Absentmindedly"
LM_video/RGB/user18/1-1-2/RGB.mp4,Intently,"Absentmindedly,Unhurriedly"
LM_video/RGB/user18/1-1-3/RGB.mp4,Absentmindedly,"Unhurriedly,Intently"
LM_video/RGB/user18/1-2-1/RGB.mp4,Contently,"Briskly,Lazily"
LM_video/RGB/user18/1-2-2/RGB.mp4,Briskly,"Lazily,Contently"
LM_video/RGB/user18/1-2-3/RGB.mp4,Lazily,"Contently,Briskly"
LM_video/RGB/user18/2-1-1/RGB.mp4,Relaxedly,"Attentively,Nervously"
LM_video/RGB/user18/2-1-2/RGB.mp4,Attentively,"Nervously,Relaxedly"
LM_video/RGB/user18/2-1-3/RGB.mp4,Nervously,"Relaxedly,Attentively"
LM_video/RGB/user18/2-2-1/RGB.mp4,Meticulously,"Briskly,Hastily"
LM_video/RGB/user18/2-2-2/RGB.mp4,Briskly,"Hastily,Meticulously"
LM_video/RGB/user18/2-2-3/RGB.mp4,Hastily,"Meticulously,Briskly"
LM_video/RGB/user18/3-1-1/RGB.mp4,Deliberately,"Quickly,Precisely"
LM_video/RGB/user18/3-1-2/RGB.mp4,Quickly,"Precisely,Deliberately"
LM_video/RGB/user18/3-1-3/RGB.mp4,Precisely,"Deliberately,Quickly"
LM_video/RGB/user18/3-2-1/RGB.mp4,Leisurely,"Rapidly,Evenly"
LM_video/RGB/user18/3-2-2/RGB.mp4,Rapidly,"Evenly,Leisurely"
LM_video/RGB/user18/3-2-3/RGB.mp4,Evenly,"Leisurely,Rapidly"
LM_video/RGB/user18/3-3-1/RGB.mp4,Gently,"Quickly,Thoroughly"
LM_video/RGB/user18/3-3-2/RGB.mp4,Quickly,"Thoroughly,Gently"
LM_video/RGB/user18/3-3-3/RGB.mp4,Thoroughly,"Gently,Quickly"
LM_video/RGB/user18/4-1-1/RGB.mp4,Quietly,"Rapidly,Steadily"
LM_video/RGB/user18/4-1-2/RGB.mp4,Rapidly,"Steadily,Quietly"
LM_video/RGB/user18/4-1-3/RGB.mp4,Steadily,"Quietly,Rapidly"
LM_video/RGB/user18/4-2-1/RGB.mp4,Cautiously,"Briskly,Orderly"
LM_video/RGB/user18/4-2-2/RGB.mp4,Briskly,"Orderly,Cautiously"
LM_video/RGB/user18/4-2-3/RGB.mp4,Orderly,"Cautiously,Briskly"
LM_video/RGB/user18/5-1-1/RGB.mp4,Gracefully,"Peacefully,Anxiously"
LM_video/RGB/user18/5-1-2/RGB.mp4,Peacefully,"Anxiously,Gracefully"
LM_video/RGB/user18/5-1-3/RGB.mp4,Anxiously,"Gracefully,Peacefully"
LM_video/RGB/user18/6-1-1/RGB.mp4,Slowly,"Rapidly,Calmly"
LM_video/RGB/user18/6-1-2/RGB.mp4,Rapidly,"Calmly,Slowly"
LM_video/RGB/user18/6-1-3/RGB.mp4,Calmly,"Slowly,Rapidly"
LM_video/RGB/user18/6-2-1/RGB.mp4,Gently,"Frantically,Naturally"
LM_video/RGB/user18/6-2-2/RGB.mp4,Frantically,"Naturally,Gently"
LM_video/RGB/user18/6-2-3/RGB.mp4,Naturally,"Gently,Frantically"
LM_video/RGB/user18/7-1-1/RGB.mp4,Slowly,"Calmly,Anxiously"
LM_video/RGB/user18/7-1-2/RGB.mp4,Calmly,"Anxiously,Slowly"
LM_video/RGB/user18/7-1-3/RGB.mp4,Anxiously,"Slowly,Calmly"
LM_video/RGB/user18/7-2-1/RGB.mp4,Slowly,"Quickly,Hurriedly"
LM_video/RGB/user18/7-2-2/RGB.mp4,Quickly,"Hurriedly,Slowly"
LM_video/RGB/user18/7-2-3/RGB.mp4,Hurriedly,"Slowly,Quickly"
LM_video/RGB/user19/1-1-1/RGB.mp4,Unhurriedly,"Briskly,Carefully"
LM_video/RGB/user19/1-1-2/RGB.mp4,Briskly,"Carefully,Unhurriedly"
LM_video/RGB/user19/1-1-3/RGB.mp4,Carefully,"Unhurriedly,Briskly"
LM_video/RGB/user19/1-2-1/RGB.mp4,Gently,"Rapidly,Attentively"
LM_video/RGB/user19/1-2-2/RGB.mp4,Rapidly,"Attentively,Gently"
LM_video/RGB/user19/1-2-3/RGB.mp4,Attentively,"Gently,Rapidly"
LM_video/RGB/user19/2-1-1/RGB.mp4,Smoothly,"Methodically,Urgently"
LM_video/RGB/user19/2-1-2/RGB.mp4,Methodically,"Urgently,Smoothly"
LM_video/RGB/user19/2-1-3/RGB.mp4,Urgently,"Smoothly,Methodically"
LM_video/RGB/user19/2-2-1/RGB.mp4,Slowly,"Steadily,Quickly"
LM_video/RGB/user19/2-2-2/RGB.mp4,Steadily,"Quickly,Slowly"
LM_video/RGB/user19/2-2-3/RGB.mp4,Quickly,"Slowly,Steadily"
LM_video/RGB/user19/2-3-1/RGB.mp4,Carefully,"Orderly,Hurriedly"
LM_video/RGB/user19/2-3-2/RGB.mp4,Orderly,"Hurriedly,Carefully"
LM_video/RGB/user19/2-3-3/RGB.mp4,Hurriedly,"Carefully,Orderly"
LM_video/RGB/user19/3-1-1/RGB.mp4,Casually,"Calmly,Anxiously"
LM_video/RGB/user19/3-1-2/RGB.mp4,Calmly,"Anxiously,Casually"
LM_video/RGB/user19/3-1-3/RGB.mp4,Anxiously,"Casually,Calmly"
LM_video/RGB/user19/3-2-1/RGB.mp4,Slowly,"Smoothly,Rapidly"
LM_video/RGB/user19/3-2-2/RGB.mp4,Smoothly,"Rapidly,Slowly"
LM_video/RGB/user19/3-2-3/RGB.mp4,Rapidly,"Slowly,Smoothly"
LM_video/RGB/user19/3-3-1/RGB.mp4,Patiently,"Orderly,Hastily"
LM_video/RGB/user19/3-3-2/RGB.mp4,Orderly,"Hastily,Patiently"
LM_video/RGB/user19/3-3-3/RGB.mp4,Hastily,"Patiently,Orderly"
LM_video/RGB/user19/4-1-1/RGB.mp4,Leisurely,"Intently,Anxiously"
LM_video/RGB/user19/4-1-2/RGB.mp4,Intently,"Anxiously,Leisurely"
LM_video/RGB/user19/4-1-3/RGB.mp4,Anxiously,"Leisurely,Intently"
LM_video/RGB/user19/4-2-1/RGB.mp4,Leisurely,"Intently,Urgently"
LM_video/RGB/user19/4-2-2/RGB.mp4,Intently,"Urgently,Leisurely"
LM_video/RGB/user19/4-2-3/RGB.mp4,Urgently,"Leisurely,Intently"
LM_video/RGB/user19/4-3-1/RGB.mp4,Unhurriedly,"Intently,Nervously"
LM_video/RGB/user19/4-3-2/RGB.mp4,Intently,"Nervously,Unhurriedly"
LM_video/RGB/user19/4-3-3/RGB.mp4,Nervously,"Unhurriedly,Intently"
LM_video/RGB/user19/5-1-1/RGB.mp4,Softly,"Calmly,Anxiously"
LM_video/RGB/user19/5-1-2/RGB.mp4,Calmly,"Anxiously,Softly"
LM_video/RGB/user19/5-1-3/RGB.mp4,Anxiously,"Softly,Calmly"
LM_video/RGB/user19/5-2-1/RGB.mp4,Unhurriedly,"Neatly,Quickly"
LM_video/RGB/user19/5-2-2/RGB.mp4,Neatly,"Quickly,Unhurriedly"
LM_video/RGB/user19/5-2-3/RGB.mp4,Quickly,"Unhurriedly,Neatly"
LM_video/RGB/user19/5-3-1/RGB.mp4,Gently,"Steadily,Briskly"
LM_video/RGB/user19/5-3-2/RGB.mp4,Steadily,"Briskly,Gently"
LM_video/RGB/user19/5-3-3/RGB.mp4,Briskly,"Gently,Steadily"
LM_video/RGB/user19/6-1-1/RGB.mp4,Attentively,"Quickly,Leisurely"
LM_video/RGB/user19/6-1-2/RGB.mp4,Quickly,"Leisurely,Attentively"
LM_video/RGB/user19/6-1-3/RGB.mp4,Leisurely,"Attentively,Quickly"
LM_video/RGB/user19/6-2-1/RGB.mp4,Leisurely,"Nervously,Calmly"
LM_video/RGB/user19/6-2-2/RGB.mp4,Nervously,"Calmly,Leisurely"
LM_video/RGB/user19/6-2-3/RGB.mp4,Calmly,"Leisurely,Nervously"
LM_video/RGB/user19/7-1-1/RGB.mp4,Cautiously,"Urgently,Calmly"
LM_video/RGB/user19/7-1-2/RGB.mp4,Urgently,"Calmly,Cautiously"
LM_video/RGB/user19/7-1-3/RGB.mp4,Calmly,"Cautiously,Urgently"
LM_video/RGB/user19/7-2-1/RGB.mp4,Slowly,"Steadily,Forcefully"
LM_video/RGB/user19/7-2-2/RGB.mp4,Steadily,"Forcefully,Slowly"
LM_video/RGB/user19/7-2-3/RGB.mp4,Forcefully,"Slowly,Steadily"
LM_video/RGB/user20/1-1-1/RGB.mp4,Slowly,"Urgently,Calmly"
LM_video/RGB/user20/1-1-2/RGB.mp4,Urgently,"Calmly,Slowly"
LM_video/RGB/user20/1-1-3/RGB.mp4,Calmly,"Slowly,Urgently"
LM_video/RGB/user20/1-2-1/RGB.mp4,Smoothly,"Urgently,Attentively"
LM_video/RGB/user20/1-2-2/RGB.mp4,Urgently,"Attentively,Smoothly"
LM_video/RGB/user20/1-2-3/RGB.mp4,Attentively,"Smoothly,Urgently"
LM_video/RGB/user20/2-1-1/RGB.mp4,Slowly,"Naturally,Frantically"
LM_video/RGB/user20/2-1-2/RGB.mp4,Naturally,"Frantically,Slowly"
LM_video/RGB/user20/2-1-3/RGB.mp4,Frantically,"Slowly,Naturally"
LM_video/RGB/user20/2-2-1/RGB.mp4,Gently,"Steadily,Anxiously"
LM_video/RGB/user20/2-2-2/RGB.mp4,Steadily,"Anxiously,Gently"
LM_video/RGB/user20/2-2-3/RGB.mp4,Anxiously,"Gently,Steadily"
LM_video/RGB/user20/3-1-1/RGB.mp4,Meticulously,"Evenly,Hastily"
LM_video/RGB/user20/3-1-2/RGB.mp4,Evenly,"Hastily,Meticulously"
LM_video/RGB/user20/3-1-3/RGB.mp4,Hastily,"Meticulously,Evenly"
LM_video/RGB/user20/3-2-1/RGB.mp4,Patiently,"Thoroughly,Quickly"
LM_video/RGB/user20/3-2-2/RGB.mp4,Thoroughly,"Quickly,Patiently"
LM_video/RGB/user20/3-2-3/RGB.mp4,Quickly,"Patiently,Thoroughly"
LM_video/RGB/user20/4-1-1/RGB.mp4,Casually,"Urgently,Steadily"
LM_video/RGB/user20/4-1-2/RGB.mp4,Urgently,"Steadily,Casually"
LM_video/RGB/user20/4-1-3/RGB.mp4,Steadily,"Casually,Urgently"
LM_video/RGB/user20/4-2-1/RGB.mp4,Meticulously,"Hastily,Thoroughly"
LM_video/RGB/user20/4-2-2/RGB.mp4,Hastily,"Thoroughly,Meticulously"
LM_video/RGB/user20/4-2-3/RGB.mp4,Thoroughly,"Meticulously,Hastily"
LM_video/RGB/user20/5-1-1/RGB.mp4,Frantically,"Smoothly,Gracefully"
LM_video/RGB/user20/5-1-2/RGB.mp4,Smoothly,"Gracefully,Frantically"
LM_video/RGB/user20/5-1-3/RGB.mp4,Gracefully,"Frantically,Smoothly"
LM_video/RGB/user20/6-1-1/RGB.mp4,Lightly,"Nervously,Steadily"
LM_video/RGB/user20/6-1-2/RGB.mp4,Nervously,"Steadily,Lightly"
LM_video/RGB/user20/6-1-3/RGB.mp4,Steadily,"Lightly,Nervously"
LM_video/RGB/user20/6-2-1/RGB.mp4,Slowly,"Quickly,Softly"
LM_video/RGB/user20/6-2-2/RGB.mp4,Quickly,"Softly,Slowly"
LM_video/RGB/user20/6-2-3/RGB.mp4,Softly,"Slowly,Quickly"
LM_video/RGB/user20/6-3-1/RGB.mp4,Leisurely,"Rapidly,Carefully"
LM_video/RGB/user20/6-3-2/RGB.mp4,Rapidly,"Carefully,Leisurely"
LM_video/RGB/user20/6-3-3/RGB.mp4,Carefully,"Leisurely,Rapidly"
LM_video/RGB/user20/7-1-1/RGB.mp4,Gracefully,"Attentively,Hurriedly"
LM_video/RGB/user20/7-1-2/RGB.mp4,Attentively,"Hurriedly,Gracefully"
LM_video/RGB/user20/7-1-3/RGB.mp4,Carefully,"Leisurely,Rapidly"
LM_video/RGB/user20/7-2-1/RGB.mp4,Lightly,"Nervously,Steadily"
LM_video/RGB/user20/7-2-2/RGB.mp4,Nervously,"Steadily,Lightly"
LM_video/RGB/user20/7-2-3/RGB.mp4,Steadily,"Lightly,Nervously"
LM_video/RGB/user21/1-1-1/RGB.mp4,Gently,"Thoroughly,Hurriedly"
LM_video/RGB/user21/1-1-2/RGB.mp4,Thoroughly,"Hurriedly,Gently"
LM_video/RGB/user21/1-1-3/RGB.mp4,Hurriedly,"Gently,Thoroughly"
LM_video/RGB/user21/1-2-1/RGB.mp4,Relaxedly,"Steadily,Hurriedly"
LM_video/RGB/user21/1-2-2/RGB.mp4,Steadily,"Hurriedly,Relaxedly"
LM_video/RGB/user21/1-2-3/RGB.mp4,Hurriedly,"Relaxedly,Steadily"
LM_video/RGB/user21/2-1-1/RGB.mp4,Slowly,"Steadily,Rapidly"
LM_video/RGB/user21/2-1-2/RGB.mp4,Steadily,"Rapidly,Slowly"
LM_video/RGB/user21/2-1-3/RGB.mp4,Rapidly,"Slowly,Steadily"
LM_video/RGB/user21/2-2-1/RGB.mp4,Slowly,"Naturally,Hastily"
LM_video/RGB/user21/2-2-2/RGB.mp4,Naturally,"Hastily,Slowly"
LM_video/RGB/user21/2-2-3/RGB.mp4,Hastily,"Slowly,Naturally"
LM_video/RGB/user21/3-1-1/RGB.mp4,Slowly,"Smoothly,Quickly"
LM_video/RGB/user21/3-1-2/RGB.mp4,Smoothly,"Quickly,Slowly"
LM_video/RGB/user21/3-1-3/RGB.mp4,Hastily,"Slowly,Naturally"
LM_video/RGB/user21/3-2-1/RGB.mp4,Carefully,"Calmly,Hurriedly"
LM_video/RGB/user21/3-2-2/RGB.mp4,Calmly,"Hurriedly,Carefully"
LM_video/RGB/user21/3-2-3/RGB.mp4,Hurriedly,"Carefully,Calmly"
LM_video/RGB/user21/4-1-1/RGB.mp4,Lazily,"Calmly,Anxiously"
LM_video/RGB/user21/4-1-2/RGB.mp4,Calmly,"Anxiously,Lazily"
LM_video/RGB/user21/4-1-3/RGB.mp4,Anxiously,"Lazily,Calmly"
LM_video/RGB/user21/4-2-1/RGB.mp4,Unhurriedly,"Earnestly,Quickly"
LM_video/RGB/user21/4-2-2/RGB.mp4,Earnestly,"Quickly,Unhurriedly"
LM_video/RGB/user21/4-2-3/RGB.mp4,Quickly,"Unhurriedly,Earnestly"
LM_video/RGB/user21/5-1-1/RGB.mp4,Gracefully,"Steadily,Quickly"
LM_video/RGB/user21/5-1-2/RGB.mp4,Steadily,"Quickly,Gracefully"
LM_video/RGB/user21/5-1-3/RGB.mp4,Quickly,"Gracefully,Steadily"
LM_video/RGB/user21/5-2-1/RGB.mp4,Leisurely,"Confidently,Hurriedly"
LM_video/RGB/user21/5-2-2/RGB.mp4,Confidently,"Hurriedly,Leisurely"
LM_video/RGB/user21/5-2-3/RGB.mp4,Hurriedly,"Leisurely,Confidently"
LM_video/RGB/user21/6-1-1/RGB.mp4,Slowly,"Steadily,Rapidly"
LM_video/RGB/user21/6-1-2/RGB.mp4,Steadily,"Rapidly,Slowly"
LM_video/RGB/user21/6-1-3/RGB.mp4,Rapidly,"Slowly,Steadily"
LM_video/RGB/user21/6-2-1/RGB.mp4,Peacefully,"Calmly,Tensely"
LM_video/RGB/user21/6-2-2/RGB.mp4,Calmly,"Tensely,Peacefully"
LM_video/RGB/user21/6-2-3/RGB.mp4,Tensely,"Peacefully,Calmly"
LM_video/RGB/user21/7-1-1/RGB.mp4,Leisurely,"Hastily,Steadily"
LM_video/RGB/user21/7-1-2/RGB.mp4,Hastily,"Steadily,Leisurely"
LM_video/RGB/user21/7-1-3/RGB.mp4,Steadily,"Leisurely,Hastily"
LM_video/RGB/user21/7-2-1/RGB.mp4,Slowly,"Hurriedly,Softly"
LM_video/RGB/user21/7-2-2/RGB.mp4,Hurriedly,"Softly,Slowly"
LM_video/RGB/user21/7-2-3/RGB.mp4,Softly,"Slowly,Hurriedly"
LM_video/RGB/user22/1-1-1/RGB.mp4,Gently,"Carefully,Quickly"
LM_video/RGB/user22/1-1-2/RGB.mp4,Carefully,"Quickly,Gently"
LM_video/RGB/user22/1-1-3/RGB.mp4,Quickly,"Gently,Carefully"
LM_video/RGB/user22/1-2-1/RGB.mp4,Leisurely,"Attentively,Anxiously"
LM_video/RGB/user22/1-2-2/RGB.mp4,Attentively,"Anxiously,Leisurely"
LM_video/RGB/user22/1-2-3/RGB.mp4,Anxiously,"Leisurely,Attentively"
LM_video/RGB/user22/2-1-1/RGB.mp4,Meticulously,"Steadily,Hurriedly"
LM_video/RGB/user22/2-1-2/RGB.mp4,Steadily,"Hurriedly,Meticulously"
LM_video/RGB/user22/2-1-3/RGB.mp4,Hurriedly,"Meticulously,Steadily"
LM_video/RGB/user22/2-2-1/RGB.mp4,Slowly,"Steadily,Hurriedly"
LM_video/RGB/user22/2-2-2/RGB.mp4,Steadily,"Hurriedly,Slowly"
LM_video/RGB/user22/2-2-3/RGB.mp4,Hurriedly,"Slowly,Steadily"
LM_video/RGB/user22/3-1-1/RGB.mp4,Slowly,"Carefully,Quickly"
LM_video/RGB/user22/3-1-2/RGB.mp4,Carefully,"Quickly,Slowly"
LM_video/RGB/user22/3-1-3/RGB.mp4,Quickly,"Slowly,Carefully"
LM_video/RGB/user22/3-2-1/RGB.mp4,Patiently,"Calmly,Hastily"
LM_video/RGB/user22/3-2-2/RGB.mp4,Calmly,"Hastily,Patiently"
LM_video/RGB/user22/3-2-3/RGB.mp4,Hastily,"Patiently,Calmly"
LM_video/RGB/user22/3-3-1/RGB.mp4,Slowly,"Neatly,Quickly"
LM_video/RGB/user22/3-3-2/RGB.mp4,Neatly,"Quickly,Slowly"
LM_video/RGB/user22/3-3-3/RGB.mp4,Quickly,"Slowly,Neatly"
LM_video/RGB/user22/4-1-1/RGB.mp4,Anxiously,"Calmly,Leisurely"
LM_video/RGB/user22/4-1-2/RGB.mp4,Calmly,"Leisurely,Anxiously"
LM_video/RGB/user22/4-1-3/RGB.mp4,Leisurely,"Anxiously,Calmly"
LM_video/RGB/user22/4-2-1/RGB.mp4,Gently,"Seriously,Swiftly"
LM_video/RGB/user22/4-2-2/RGB.mp4,Seriously,"Swiftly,Gently"
LM_video/RGB/user22/4-2-3/RGB.mp4,Swiftly,"Gently,Seriously"
LM_video/RGB/user22/4-3-1/RGB.mp4,Hurriedly,"Carefully,Slowly"
LM_video/RGB/user22/4-3-2/RGB.mp4,Carefully,"Slowly,Hurriedly"
LM_video/RGB/user22/4-3-3/RGB.mp4,Slowly,"Hurriedly,Carefully"
LM_video/RGB/user22/5-1-1/RGB.mp4,Slowly,"Attentively,Urgently"
LM_video/RGB/user22/5-1-2/RGB.mp4,Attentively,"Urgently,Slowly"
LM_video/RGB/user22/5-1-3/RGB.mp4,Urgently,"Slowly,Attentively"
LM_video/RGB/user22/5-2-1/RGB.mp4,Peacefully,"Attentively,Tensely"
LM_video/RGB/user22/5-2-2/RGB.mp4,Attentively,"Tensely,Peacefully"
LM_video/RGB/user22/5-2-3/RGB.mp4,Tensely,"Peacefully,Attentively"
LM_video/RGB/user22/6-1-1/RGB.mp4,Leisurely,"Calmly,Anxiously"
LM_video/RGB/user22/6-1-2/RGB.mp4,Calmly,"Anxiously,Leisurely"
LM_video/RGB/user22/6-1-3/RGB.mp4,Anxiously,"Leisurely,Calmly"
LM_video/RGB/user22/6-2-1/RGB.mp4,Relaxedly,"Steadily,Hurriedly"
LM_video/RGB/user22/6-2-2/RGB.mp4,Steadily,"Hurriedly,Relaxedly"
LM_video/RGB/user22/6-2-3/RGB.mp4,Hurriedly,"Relaxedly,Steadily"
LM_video/RGB/user22/7-1-1/RGB.mp4,Slowly,"Calmly,Anxiously"
LM_video/RGB/user22/7-1-2/RGB.mp4,Calmly,"Anxiously,Slowly"
LM_video/RGB/user22/7-1-3/RGB.mp4,Anxiously,"Slowly,Calmly"
LM_video/RGB/user22/7-2-1/RGB.mp4,Gently,"Calmly,Rapidly"
LM_video/RGB/user22/7-2-2/RGB.mp4,Calmly,"Rapidly,Gently"
LM_video/RGB/user22/7-2-3/RGB.mp4,Rapidly,"Gently,Calmly"
LM_video/RGB/user22/7-3-1/RGB.mp4,Slowly,"Evenly,Quickly"
LM_video/RGB/user22/7-3-2/RGB.mp4,Evenly,"Quickly,Slowly"
LM_video/RGB/user22/7-3-3/RGB.mp4,Quickly,"Slowly,Evenly"
LM_video/RGB/user23/1-1-1/RGB.mp4,Meticulously,"Quickly,Orderly"
LM_video/RGB/user23/1-1-2/RGB.mp4,Quickly,"Orderly,Meticulously"
LM_video/RGB/user23/1-1-3/RGB.mp4,Orderly,"Meticulously,Quickly"
LM_video/RGB/user23/1-2-1/RGB.mp4,Slowly,"Briskly,Steadily"
LM_video/RGB/user23/1-2-2/RGB.mp4,Briskly,"Steadily,Slowly"
LM_video/RGB/user23/1-2-3/RGB.mp4,Steadily,"Slowly,Briskly"
LM_video/RGB/user23/2-1-1/RGB.mp4,Leisurely,"Smoothly,Hurriedly"
LM_video/RGB/user23/2-1-2/RGB.mp4,Smoothly,"Hurriedly,Leisurely"
LM_video/RGB/user23/2-1-3/RGB.mp4,Hurriedly,"Leisurely,Smoothly"
LM_video/RGB/user23/2-2-1/RGB.mp4,Soothingly,"Orderly,Quickly"
LM_video/RGB/user23/2-2-2/RGB.mp4,Orderly,"Quickly,Soothingly"
LM_video/RGB/user23/2-2-3/RGB.mp4,Quickly,"Soothingly,Orderly"
LM_video/RGB/user23/2-3-1/RGB.mp4,Quietly,"Calmly,Hurriedly"
LM_video/RGB/user23/2-3-2/RGB.mp4,Calmly,"Hurriedly,Quietly"
LM_video/RGB/user23/2-3-3/RGB.mp4,Hurriedly,"Quietly,Calmly"
LM_video/RGB/user23/3-1-1/RGB.mp4,Meticulously,"Quickly,Orderly"
LM_video/RGB/user23/3-1-2/RGB.mp4,Quickly,"Orderly,Meticulously"
LM_video/RGB/user23/3-1-3/RGB.mp4,Orderly,"Meticulously,Quickly"
LM_video/RGB/user23/3-2-1/RGB.mp4,Leisurely,"Frantically,Orderly"
LM_video/RGB/user23/3-2-2/RGB.mp4,Frantically,"Orderly,Leisurely"
LM_video/RGB/user23/3-2-3/RGB.mp4,Orderly,"Leisurely,Frantically"
LM_video/RGB/user23/4-1-1/RGB.mp4,Gracefully,"Steadily,Quickly"
LM_video/RGB/user23/4-1-2/RGB.mp4,Steadily,"Quickly,Gracefully"
LM_video/RGB/user23/4-1-3/RGB.mp4,Quickly,"Gracefully,Steadily"
LM_video/RGB/user23/4-2-1/RGB.mp4,Gracefully,"Carefully,Quickly"
LM_video/RGB/user23/4-2-2/RGB.mp4,Carefully,"Quickly,Gracefully"
LM_video/RGB/user23/4-2-3/RGB.mp4,Quickly,"Gracefully,Carefully"
LM_video/RGB/user23/4-3-1/RGB.mp4,Slowly,"Steadily,Hastily"
LM_video/RGB/user23/4-3-2/RGB.mp4,Steadily,"Hastily,Slowly"
LM_video/RGB/user23/4-3-3/RGB.mp4,Hastily,"Slowly,Steadily"
LM_video/RGB/user23/5-1-1/RGB.mp4,Casually,"Tensely,Gracefully"
LM_video/RGB/user23/5-1-2/RGB.mp4,Tensely,"Gracefully,Casually"
LM_video/RGB/user23/5-1-3/RGB.mp4,Gracefully,"Casually,Tensely"
LM_video/RGB/user23/5-2-1/RGB.mp4,Leisurely,"Evenly,Impatiently"
LM_video/RGB/user23/5-2-2/RGB.mp4,Evenly,"Impatiently,Leisurely"
LM_video/RGB/user23/5-2-3/RGB.mp4,Impatiently,"Leisurely,Evenly"
LM_video/RGB/user23/5-3-1/RGB.mp4,Intently,"Urgently,Peacefully"
LM_video/RGB/user23/5-3-2/RGB.mp4,Urgently,"Peacefully,Intently"
LM_video/RGB/user23/5-3-3/RGB.mp4,Peacefully,"Intently,Urgently"
LM_video/RGB/user23/6-1-1/RGB.mp4,Gently,"Tensely,Evenly"
LM_video/RGB/user23/6-1-2/RGB.mp4,Tensely,"Evenly,Gently"
LM_video/RGB/user23/6-1-3/RGB.mp4,Evenly,"Gently,Tensely"
LM_video/RGB/user23/6-3-1/RGB.mp4,Smoothly,"Hurriedly,Evenly"
LM_video/RGB/user23/6-3-2/RGB.mp4,Hurriedly,"Evenly,Smoothly"
LM_video/RGB/user23/6-3-3/RGB.mp4,Evenly,"Smoothly,Hurriedly"
LM_video/RGB/user23/7-1-1/RGB.mp4,Slowly,"Naturally,Hastily"
LM_video/RGB/user23/7-1-2/RGB.mp4,Naturally,"Hastily,Slowly"
LM_video/RGB/user23/7-1-3/RGB.mp4,Hastily,"Slowly,Naturally"
LM_video/RGB/user23/7-2-1/RGB.mp4,Gently,"Calmly,Urgently"
LM_video/RGB/user23/7-2-2/RGB.mp4,Calmly,"Urgently,Gently"
LM_video/RGB/user23/7-2-3/RGB.mp4,Urgently,"Gently,Calmly"
LM_video/RGB/user23/7-3-1/RGB.mp4,Slowly,"Evenly,Restlessly"
LM_video/RGB/user23/7-3-2/RGB.mp4,Evenly,"Restlessly,Slowly"
LM_video/RGB/user23/7-3-3/RGB.mp4,Restlessly,"Slowly,Evenly"
LM_video/RGB/user24/1-1-1/RGB.mp4,Calmly,"Carefully,Swiftly"
LM_video/RGB/user24/1-1-2/RGB.mp4,Carefully,"Swiftly,Calmly"
LM_video/RGB/user24/1-1-3/RGB.mp4,Swiftly,"Calmly,Carefully"
LM_video/RGB/user24/1-2-1/RGB.mp4,Gently,"Orderly,Nervously"
LM_video/RGB/user24/1-2-2/RGB.mp4,Orderly,"Nervously,Gently"
LM_video/RGB/user24/1-2-3/RGB.mp4,Nervously,"Gently,Orderly"
LM_video/RGB/user24/2-1-1/RGB.mp4,Leisurely,"Calmly,Anxiously"
LM_video/RGB/user24/2-1-2/RGB.mp4,Calmly,"Anxiously,Leisurely"
LM_video/RGB/user24/2-1-3/RGB.mp4,Anxiously,"Leisurely,Calmly"
LM_video/RGB/user24/2-2-1/RGB.mp4,Leisurely,"Seriously,Restlessly"
LM_video/RGB/user24/2-2-2/RGB.mp4,Seriously,"Restlessly,Leisurely"
LM_video/RGB/user24/2-2-3/RGB.mp4,Restlessly,"Leisurely,Seriously"
LM_video/RGB/user24/3-2-1/RGB.mp4,Gracefully,"Frantically,Naturally"
LM_video/RGB/user24/3-2-2/RGB.mp4,Frantically,"Naturally,Gracefully"
LM_video/RGB/user24/3-2-3/RGB.mp4,Naturally,"Gracefully,Frantically"
LM_video/RGB/user24/4-1-1/RGB.mp4,Leisurely,"Steadily,Hastily"
LM_video/RGB/user24/4-1-2/RGB.mp4,Steadily,"Hastily,Leisurely"
LM_video/RGB/user24/4-1-3/RGB.mp4,Hastily,"Leisurely,Steadily"
LM_video/RGB/user24/4-2-1/RGB.mp4,Slowly,"Patiently,Rapidly"
LM_video/RGB/user24/4-2-2/RGB.mp4,Patiently,"Rapidly,Slowly"
LM_video/RGB/user24/4-2-3/RGB.mp4,Rapidly,"Slowly,Patiently"
LM_video/RGB/user24/4-3-1/RGB.mp4,Relaxedly,"Seriously,Anxiously"
LM_video/RGB/user24/4-3-2/RGB.mp4,Seriously,"Anxiously,Relaxedly"
LM_video/RGB/user24/4-3-3/RGB.mp4,Anxiously,"Relaxedly,Seriously"
LM_video/RGB/user24/5-1-1/RGB.mp4,Casually,"Attentively,Hastily"
LM_video/RGB/user24/5-1-2/RGB.mp4,Attentively,"Hastily,Casually"
LM_video/RGB/user24/5-1-3/RGB.mp4,Hastily,"Casually,Attentively"
LM_video/RGB/user24/5-2-1/RGB.mp4,Gently,"Calmly,Anxiously"
LM_video/RGB/user24/5-2-2/RGB.mp4,Calmly,"Anxiously,Gently"
LM_video/RGB/user24/5-2-3/RGB.mp4,Anxiously,"Gently,Calmly"
LM_video/RGB/user24/5-3-1/RGB.mp4,Joyfully,"Quietly,Tensely"
LM_video/RGB/user24/5-3-2/RGB.mp4,Quietly,"Tensely,Joyfully"
LM_video/RGB/user24/5-3-3/RGB.mp4,Tensely,"Joyfully,Quietly"
LM_video/RGB/user24/6-2-1/RGB.mp4,Leisurely,"Naturally,Hurriedly"
LM_video/RGB/user24/6-2-2/RGB.mp4,Naturally,"Hurriedly,Leisurely"
LM_video/RGB/user24/6-2-3/RGB.mp4,Hurriedly,"Leisurely,Naturally"
LM_video/RGB/user24/6-3-1/RGB.mp4,Slowly,"Steadily,Restlessly"
LM_video/RGB/user24/6-3-2/RGB.mp4,Steadily,"Restlessly,Slowly"
LM_video/RGB/user24/6-3-3/RGB.mp4,Restlessly,"Slowly,Steadily"
LM_video/RGB/user24/7-1-1/RGB.mp4,Meticulously,"Tensely,Steadily"
LM_video/RGB/user24/7-1-2/RGB.mp4,Tensely,"Steadily,Meticulously"
LM_video/RGB/user24/7-1-3/RGB.mp4,Steadily,"Meticulously,Tensely"
LM_video/RGB/user24/7-2-1/RGB.mp4,Leisurely,"Impatiently,Seriously"
LM_video/RGB/user24/7-2-2/RGB.mp4,Impatiently,"Seriously,Leisurely"
LM_video/RGB/user24/7-2-3/RGB.mp4,Seriously,"Leisurely,Impatiently"
LM_video/RGB/user25/1-1-1/RGB.mp4,Gently,"Steadily,Hurriedly"
LM_video/RGB/user25/1-1-2/RGB.mp4,Steadily,"Hurriedly,Gently"
LM_video/RGB/user25/1-1-3/RGB.mp4,Hurriedly,"Gently,Steadily"
LM_video/RGB/user25/1-2-1/RGB.mp4,Meticulously,"Calmly,Hurriedly"
LM_video/RGB/user25/1-2-2/RGB.mp4,Calmly,"Hurriedly,Meticulously"
LM_video/RGB/user25/1-2-3/RGB.mp4,Hurriedly,"Meticulously,Calmly"
LM_video/RGB/user25/2-1-1/RGB.mp4,Leisurely,"Hastily,Calmly"
LM_video/RGB/user25/2-1-2/RGB.mp4,Hastily,"Calmly,Leisurely"
LM_video/RGB/user25/2-1-3/RGB.mp4,Calmly,"Leisurely,Hastily"
LM_video/RGB/user25/3-1-1/RGB.mp4,Diligently,"Quickly,Methodically"
LM_video/RGB/user25/3-1-2/RGB.mp4,Quickly,"Methodically,Diligently"
LM_video/RGB/user25/3-1-3/RGB.mp4,Methodically,"Diligently,Quickly"
LM_video/RGB/user25/3-2-1/RGB.mp4,Gently,"Steadily,Quickly"
LM_video/RGB/user25/3-2-2/RGB.mp4,Steadily,"Quickly,Gently"
LM_video/RGB/user25/3-2-3/RGB.mp4,Quickly,"Gently,Steadily"
LM_video/RGB/user25/3-3-1/RGB.mp4,Quietly,"Anxiously,Comfortably"
LM_video/RGB/user25/3-3-2/RGB.mp4,Anxiously,"Comfortably,Quietly"
LM_video/RGB/user25/3-3-3/RGB.mp4,Comfortably,"Quietly,Anxiously"
LM_video/RGB/user25/4-1-1/RGB.mp4,Leisurely,"Calmly,Urgently"
LM_video/RGB/user25/4-1-2/RGB.mp4,Calmly,"Urgently,Leisurely"
LM_video/RGB/user25/4-1-3/RGB.mp4,Urgently,"Leisurely,Calmly"
LM_video/RGB/user25/4-2-1/RGB.mp4,Slowly,"Steadily,Quickly"
LM_video/RGB/user25/4-2-2/RGB.mp4,Steadily,"Quickly,Slowly"
LM_video/RGB/user25/4-3-1/RGB.mp4,Slowly,"Intently,Nervously"
LM_video/RGB/user25/4-3-2/RGB.mp4,Intently,"Nervously,Slowly"
LM_video/RGB/user25/4-3-3/RGB.mp4,Nervously,"Slowly,Intently"
LM_video/RGB/user25/5-1-1/RGB.mp4,Leisurely,"Steadily,Anxiously"
LM_video/RGB/user25/5-1-2/RGB.mp4,Steadily,"Anxiously,Leisurely"
LM_video/RGB/user25/5-1-3/RGB.mp4,Anxiously,"Leisurely,Steadily"
LM_video/RGB/user25/5-2-1/RGB.mp4,Thoroughly,"Hurriedly,Steadily"
LM_video/RGB/user25/5-2-2/RGB.mp4,Hurriedly,"Steadily,Thoroughly"
LM_video/RGB/user25/5-2-3/RGB.mp4,Steadily,"Thoroughly,Hurriedly"
LM_video/RGB/user25/5-3-1/RGB.mp4,Peacefully,"Briskly,Steadily"
LM_video/RGB/user25/5-3-2/RGB.mp4,Briskly,"Steadily,Peacefully"
LM_video/RGB/user25/5-3-3/RGB.mp4,Steadily,"Peacefully,Briskly"
LM_video/RGB/user25/6-1-1/RGB.mp4,Intently,"Rapidly,Leisurely"
LM_video/RGB/user25/6-1-2/RGB.mp4,Rapidly,"Leisurely,Intently"
LM_video/RGB/user25/6-1-3/RGB.mp4,Leisurely,"Intently,Rapidly"
LM_video/RGB/user25/6-2-1/RGB.mp4,Gently,"Steadily,Swiftly"
LM_video/RGB/user25/6-2-2/RGB.mp4,Steadily,"Swiftly,Gently"
LM_video/RGB/user25/6-2-3/RGB.mp4,Swiftly,"Gently,Steadily"
LM_video/RGB/user25/6-3-1/RGB.mp4,Patiently,"Hurriedly,Comfortably"
LM_video/RGB/user25/6-3-2/RGB.mp4,Hurriedly,"Comfortably,Patiently"
LM_video/RGB/user25/6-3-3/RGB.mp4,Comfortably,"Patiently,Hurriedly"
LM_video/RGB/user25/7-1-1/RGB.mp4,Softly,"Smoothly,Nervously"
LM_video/RGB/user25/7-1-2/RGB.mp4,Smoothly,"Nervously,Softly"
LM_video/RGB/user25/7-1-3/RGB.mp4,Nervously,"Softly,Smoothly"
LM_video/RGB/user25/7-2-1/RGB.mp4,Gracefully,"Seriously,Quickly"
LM_video/RGB/user25/7-2-2/RGB.mp4,Seriously,"Quickly,Gracefully"
LM_video/RGB/user25/7-2-3/RGB.mp4,Quickly,"Gracefully,Seriously"
LM_video/RGB/user26/1-1-1/RGB.mp4,Leisurely,"Calmly,Hastily"
LM_video/RGB/user26/1-1-2/RGB.mp4,Calmly,"Hastily,Leisurely"
LM_video/RGB/user26/1-1-3/RGB.mp4,Hastily,"Leisurely,Calmly"
LM_video/RGB/user26/1-2-1/RGB.mp4,Slowly,"Precisely,Quickly"
LM_video/RGB/user26/1-2-2/RGB.mp4,Precisely,"Quickly,Slowly"
LM_video/RGB/user26/1-2-3/RGB.mp4,Hastily,"Leisurely,Calmly"
LM_video/RGB/user26/2-1-1/RGB.mp4,Gently,"Neatly,Hastily"
LM_video/RGB/user26/2-1-2/RGB.mp4,Neatly,"Hastily,Gently"
LM_video/RGB/user26/2-1-3/RGB.mp4,Hastily,"Gently,Neatly"
LM_video/RGB/user26/2-2-1/RGB.mp4,Slowly,"Steadily,Quickly"
LM_video/RGB/user26/2-2-2/RGB.mp4,Steadily,"Quickly,Slowly"
LM_video/RGB/user26/2-2-3/RGB.mp4,Quickly,"Slowly,Steadily"
LM_video/RGB/user26/3-1-1/RGB.mp4,Leisurely,"Steadily,Hurriedly"
LM_video/RGB/user26/3-1-2/RGB.mp4,Steadily,"Hurriedly,Leisurely"
LM_video/RGB/user26/3-1-3/RGB.mp4,Hurriedly,"Leisurely,Steadily"
LM_video/RGB/user26/3-2-1/RGB.mp4,Casually,"Meticulously,Hurriedly"
LM_video/RGB/user26/3-2-2/RGB.mp4,Meticulously,"Hurriedly,Casually"
LM_video/RGB/user26/3-2-3/RGB.mp4,Hurriedly,"Casually,Meticulously"
LM_video/RGB/user26/4-1-1/RGB.mp4,Casually,"Seriously,Quickly"
LM_video/RGB/user26/4-1-2/RGB.mp4,Seriously,"Quickly,Casually"
LM_video/RGB/user26/4-1-3/RGB.mp4,Quickly,"Casually,Seriously"
LM_video/RGB/user26/5-1-1/RGB.mp4,Gently,"Steadily,Anxiously"
LM_video/RGB/user26/5-1-2/RGB.mp4,Steadily,"Anxiously,Gently"
LM_video/RGB/user26/5-1-3/RGB.mp4,Anxiously,"Gently,Steadily"
LM_video/RGB/user26/6-1-1/RGB.mp4,Slowly,"Evenly,Quickly"
LM_video/RGB/user26/6-1-2/RGB.mp4,Evenly,"Quickly,Slowly"
LM_video/RGB/user26/6-1-3/RGB.mp4,Quickly,"Slowly,Evenly"
LM_video/RGB/user26/6-2-1/RGB.mp4,Leisurely,"Orderly,Hurriedly"
LM_video/RGB/user26/6-2-2/RGB.mp4,Orderly,"Hurriedly,Leisurely"
LM_video/RGB/user26/6-2-3/RGB.mp4,Hurriedly,"Leisurely,Orderly"
LM_video/RGB/user26/7-1-1/RGB.mp4,Slowly,"Calmly,Anxiously"
LM_video/RGB/user26/7-1-2/RGB.mp4,Calmly,"Anxiously,Slowly"
LM_video/RGB/user26/7-1-3/RGB.mp4,Anxiously,"Slowly,Calmly"
LM_video/RGB/user27/1-1-1/RGB.mp4,Gently,"Orderly,Frantically"
LM_video/RGB/user27/1-1-2/RGB.mp4,Orderly,"Frantically,Gently"
LM_video/RGB/user27/1-1-3/RGB.mp4,Frantically,"Gently,Orderly"
LM_video/RGB/user27/1-2-1/RGB.mp4,Leisurely,"Steadily,Rapidly"
LM_video/RGB/user27/1-2-2/RGB.mp4,Steadily,"Rapidly,Leisurely"
LM_video/RGB/user27/1-2-3/RGB.mp4,Rapidly,"Leisurely,Steadily"
LM_video/RGB/user27/2-1-1/RGB.mp4,Carefully,"Calmly,Quickly"
LM_video/RGB/user27/2-1-2/RGB.mp4,Calmly,"Quickly,Carefully"
LM_video/RGB/user27/2-1-3/RGB.mp4,Quickly,"Carefully,Calmly"
LM_video/RGB/user27/2-2-1/RGB.mp4,Leisurely,"Methodically,Frantically"
LM_video/RGB/user27/2-2-2/RGB.mp4,Methodically,"Frantically,Leisurely"
LM_video/RGB/user27/2-2-3/RGB.mp4,Frantically,"Leisurely,Methodically"
LM_video/RGB/user27/3-1-1/RGB.mp4,Slowly,"Meticulously,Eagerly"
LM_video/RGB/user27/3-1-2/RGB.mp4,Meticulously,"Eagerly,Slowly"
LM_video/RGB/user27/3-1-3/RGB.mp4,Eagerly,"Slowly,Meticulously"
LM_video/RGB/user27/3-2-1/RGB.mp4,Leisurely,"Steadily,Rapidly"
LM_video/RGB/user27/3-2-2/RGB.mp4,Seriously,"Slowly, Nervously"
LM_video/RGB/user27/3-2-3/RGB.mp4,Nervously,"Serioiusly, Slowly"
LM_video/RGB/user27/4-1-1/RGB.mp4,Leisurely,"Calmly,Impatiently"
LM_video/RGB/user27/4-1-2/RGB.mp4,Calmly,"Impatiently,Leisurely"
LM_video/RGB/user27/4-1-3/RGB.mp4,Impatiently,"Leisurely,Calmly"
LM_video/RGB/user27/4-2-1/RGB.mp4,Gracefully,"Neatly,Hurriedly"
LM_video/RGB/user27/4-2-2/RGB.mp4,Neatly,"Hurriedly,Gracefully"
LM_video/RGB/user27/4-2-3/RGB.mp4,Hurriedly,"Gracefully,Neatly"
LM_video/RGB/user27/4-3-1/RGB.mp4,Contently,"Intently,Restlessly"
LM_video/RGB/user27/4-3-2/RGB.mp4,Intently,"Restlessly,Contently"
LM_video/RGB/user27/4-3-3/RGB.mp4,Restlessly,"Contently,Intently"
LM_video/RGB/user27/5-1-1/RGB.mp4,Smoothly,"Steadily,Anxiously"
LM_video/RGB/user27/5-1-2/RGB.mp4,Steadily,"Anxiously,Smoothly"
LM_video/RGB/user27/5-1-3/RGB.mp4,Anxiously,"Smoothly,Steadily"
LM_video/RGB/user27/5-2-1/RGB.mp4,Carefully,"Quickly,Hurriedly"
LM_video/RGB/user27/5-2-2/RGB.mp4,Quickly,"Hurriedly,Carefully"
LM_video/RGB/user27/5-2-3/RGB.mp4,Hurriedly,"Carefully,Quickly"
LM_video/RGB/user27/6-1-1/RGB.mp4,Gently,Quickly
LM_video/RGB/user27/6-1-2/RGB.mp4,Quickly,Gently
LM_video/RGB/user27/7-1-1/RGB.mp4,Slowly,"Calmly,Hurriedly"
LM_video/RGB/user27/7-1-2/RGB.mp4,Calmly,"Hurriedly,Slowly"
LM_video/RGB/user27/7-1-3/RGB.mp4,Hurriedly,"Slowly,Calmly"
LM_video/RGB/user27/7-2-1/RGB.mp4,Gently,"quickly,Hurriedly"
LM_video/RGB/user27/7-2-2/RGB.mp4,quickly,"Hurriedly,Gently"
LM_video/RGB/user27/7-2-3/RGB.mp4,Hurriedly,"Gently,quickly"
LM_video/RGB/user27/7-3-1/RGB.mp4,Slowly,"Quickly,Hurriedly"
LM_video/RGB/user27/7-3-2/RGB.mp4,Quickly,"Hurriedly,Slowly"
LM_video/RGB/user27/7-3-3/RGB.mp4,Hurriedly,"Slowly,Quickly"
LM_video/RGB/user28/1-1-1/RGB.mp4,Lazily,"Calmly,Anxiously"
LM_video/RGB/user28/1-1-2/RGB.mp4,Calmly,"Anxiously,Lazily"
LM_video/RGB/user28/1-1-3/RGB.mp4,Anxiously,"Lazily,Calmly"
LM_video/RGB/user28/1-2-1/RGB.mp4,Leisurely,"Attentively,Hastily"
LM_video/RGB/user28/1-2-2/RGB.mp4,Attentively,"Hastily,Leisurely"
LM_video/RGB/user28/1-2-3/RGB.mp4,Hastily,"Leisurely,Attentively"
LM_video/RGB/user28/2-1-1/RGB.mp4,Relaxedly,"Hurriedly,Steadily"
LM_video/RGB/user28/2-1-2/RGB.mp4,Hurriedly,"Steadily,Relaxedly"
LM_video/RGB/user28/2-1-3/RGB.mp4,Steadily,"Relaxedly,Hurriedly"
LM_video/RGB/user28/2-2-1/RGB.mp4,Slowly,"Hurriedly,Steadily"
LM_video/RGB/user28/2-2-2/RGB.mp4,Hurriedly,"Steadily,Slowly"
LM_video/RGB/user28/2-2-3/RGB.mp4,Steadily,"Slowly,Hurriedly"
LM_video/RGB/user28/3-1-1/RGB.mp4,Patiently,"Smoothly,Anxiously"
LM_video/RGB/user28/3-1-2/RGB.mp4,Smoothly,"Anxiously,Patiently"
LM_video/RGB/user28/3-1-3/RGB.mp4,Anxiously,"Patiently,Smoothly"
LM_video/RGB/user28/3-2-1/RGB.mp4,Gently,"Urgently,Calmly"
LM_video/RGB/user28/3-2-2/RGB.mp4,Urgently,"Calmly,Gently"
LM_video/RGB/user28/3-2-3/RGB.mp4,Calmly,"Gently,Urgently"
LM_video/RGB/user28/4-1-1/RGB.mp4,Soothingly,"Orderly,Nervously"
LM_video/RGB/user28/4-1-2/RGB.mp4,Orderly,"Nervously,Soothingly"
LM_video/RGB/user28/4-1-3/RGB.mp4,Nervously,"Soothingly,Orderly"
LM_video/RGB/user28/5-1-1/RGB.mp4,Leisurely,"Hastily,Evenly"
LM_video/RGB/user28/5-1-2/RGB.mp4,Hastily,"Evenly,Leisurely"
LM_video/RGB/user28/5-1-3/RGB.mp4,Evenly,"Leisurely,Hastily"
LM_video/RGB/user28/5-2-1/RGB.mp4,Slowly,"Anxiously,Calmly"
LM_video/RGB/user28/5-2-2/RGB.mp4,Anxiously,"Calmly,Slowly"
LM_video/RGB/user28/5-2-3/RGB.mp4,Calmly,"Slowly,Anxiously"
LM_video/RGB/user28/6-1-1/RGB.mp4,Gently,"Calmly,Quickly"
LM_video/RGB/user28/6-1-2/RGB.mp4,Calmly,"Quickly,Gently"
LM_video/RGB/user28/6-1-3/RGB.mp4,Quickly,"Gently,Calmly"
LM_video/RGB/user28/6-2-1/RGB.mp4,Carefully,"Meticulously,Hurriedly"
LM_video/RGB/user28/6-2-2/RGB.mp4,Meticulously,"Hurriedly,Carefully"
LM_video/RGB/user28/6-2-3/RGB.mp4,Hurriedly,"Carefully,Meticulously"
LM_video/RGB/user28/7-1-1/RGB.mp4,Leisurely,"Steadily,Briskly"
LM_video/RGB/user28/7-1-2/RGB.mp4,Steadily,"Briskly,Leisurely"
LM_video/RGB/user28/7-1-3/RGB.mp4,Briskly,"Leisurely,Steadily"
LM_video/RGB/user29/1-1-1/RGB.mp4,Slowly,"Steadily,Rapidly"
LM_video/RGB/user29/1-1-2/RGB.mp4,Steadily,"Rapidly,Slowly"
LM_video/RGB/user29/1-1-3/RGB.mp4,Rapidly,"Slowly,Steadily"
LM_video/RGB/user29/1-2-1/RGB.mp4,Patiently,"Calmly,Frantically"
LM_video/RGB/user29/1-2-2/RGB.mp4,Calmly,"Frantically,Patiently"
LM_video/RGB/user29/1-2-3/RGB.mp4,Frantically,"Patiently,Calmly"
LM_video/RGB/user29/2-1-1/RGB.mp4,Carefully,"Calmly,Hastily"
LM_video/RGB/user29/2-1-2/RGB.mp4,Calmly,"Hastily,Carefully"
LM_video/RGB/user29/2-1-3/RGB.mp4,Hastily,"Carefully,Calmly"
LM_video/RGB/user29/2-2-1/RGB.mp4,Slowly,"Diligently,Rapidly"
LM_video/RGB/user29/2-2-2/RGB.mp4,Diligently,"Rapidly,Slowly"
LM_video/RGB/user29/2-2-3/RGB.mp4,Rapidly,"Slowly,Diligently"
LM_video/RGB/user29/3-1-1/RGB.mp4,Leisurely,"Steadily,Briskly"
LM_video/RGB/user29/3-1-2/RGB.mp4,Steadily,"Briskly,Leisurely"
LM_video/RGB/user29/3-1-3/RGB.mp4,Briskly,"Leisurely,Steadily"
LM_video/RGB/user29/3-2-1/RGB.mp4,Leisurely,"Steadily,Urgently"
LM_video/RGB/user29/3-2-2/RGB.mp4,Steadily,"Urgently,Leisurely"
LM_video/RGB/user29/3-2-3/RGB.mp4,Urgently,"Leisurely,Steadily"
LM_video/RGB/user29/4-1-1/RGB.mp4,Gently,"Attentively,Anxiously"
LM_video/RGB/user29/4-1-2/RGB.mp4,Attentively,"Anxiously,Gently"
LM_video/RGB/user29/4-1-3/RGB.mp4,Anxiously,"Gently,Attentively"
LM_video/RGB/user29/4-2-1/RGB.mp4,Gently,"Steadily,Hurriedly"
LM_video/RGB/user29/4-2-2/RGB.mp4,Steadily,"Hurriedly,Gently"
LM_video/RGB/user29/4-2-3/RGB.mp4,Hurriedly,"Gently,Steadily"
LM_video/RGB/user29/5-1-1/RGB.mp4,Calmly,"Leisurely,Quickly"
LM_video/RGB/user29/5-1-2/RGB.mp4,Leisurely,"Quickly,Calmly"
LM_video/RGB/user29/5-1-3/RGB.mp4,Quickly,"Calmly,Leisurely"
LM_video/RGB/user29/5-2-1/RGB.mp4,Steadily,"Leisurely,Quickly"
LM_video/RGB/user29/5-2-2/RGB.mp4,Leisurely,"Quickly,Steadily"
LM_video/RGB/user29/5-2-3/RGB.mp4,Quickly,"Steadily,Leisurely"
LM_video/RGB/user29/6-1-1/RGB.mp4,Relaxedly,"Smoothly,Hurriedly"
LM_video/RGB/user29/6-1-2/RGB.mp4,Smoothly,"Hurriedly,Relaxedly"
LM_video/RGB/user29/6-1-3/RGB.mp4,Hurriedly,"Relaxedly,Smoothly"
LM_video/RGB/user29/7-1-1/RGB.mp4,Cautiously,"Smoothly,Hastily"
LM_video/RGB/user29/7-1-2/RGB.mp4,Smoothly,"Hastily,Cautiously"
LM_video/RGB/user29/7-1-3/RGB.mp4,Hastily,"Cautiously,Smoothly"
LM_video/RGB/user29/7-2-1/RGB.mp4,Slowly,"Calmly,Hurriedly"
LM_video/RGB/user29/7-2-2/RGB.mp4,Calmly,"Hurriedly,Slowly"
LM_video/RGB/user29/7-2-3/RGB.mp4,Hurriedly,"Slowly,Calmly"
LM_video/RGB/user30/1-1-1/RGB.mp4,Gently,"Carefully,Hastily"
LM_video/RGB/user30/1-1-2/RGB.mp4,Carefully,"Hastily,Gently"
LM_video/RGB/user30/1-1-3/RGB.mp4,Hastily,"Gently,Carefully"
LM_video/RGB/user30/1-2-1/RGB.mp4,Leisurely,"Steadily,Briskly"
LM_video/RGB/user30/1-2-2/RGB.mp4,Steadily,"Briskly,Leisurely"
LM_video/RGB/user30/1-2-3/RGB.mp4,Briskly,"Leisurely,Steadily"
LM_video/RGB/user30/2-1-1/RGB.mp4,Leisurely,"Calmly,Hurriedly"
LM_video/RGB/user30/2-1-2/RGB.mp4,Calmly,"Hurriedly,Leisurely"
LM_video/RGB/user30/2-1-3/RGB.mp4,Hurriedly,"Leisurely,Calmly"
LM_video/RGB/user30/3-1-1/RGB.mp4,Intently,"Slowly,Quickly"
LM_video/RGB/user30/3-1-2/RGB.mp4,Slowly,"Quickly,Intently"
LM_video/RGB/user30/3-1-3/RGB.mp4,Quickly,"Intently,Slowly"
LM_video/RGB/user30/3-2-1/RGB.mp4,Slowly,"Swiftly,Hurriedly"
LM_video/RGB/user30/3-2-2/RGB.mp4,Swiftly,"Hurriedly,Slowly"
LM_video/RGB/user30/3-2-3/RGB.mp4,Hurriedly,"Slowly,Swiftly"
LM_video/RGB/user30/4-1-1/RGB.mp4,Leisurely,"Calmly,Hurriedly"
LM_video/RGB/user30/4-1-2/RGB.mp4,Calmly,"Hurriedly,Leisurely"
LM_video/RGB/user30/4-1-3/RGB.mp4,Hurriedly,"Leisurely,Calmly"
LM_video/RGB/user30/4-2-1/RGB.mp4,Slowly,"Evenly,Hastily"
LM_video/RGB/user30/4-2-2/RGB.mp4,Evenly,"Hastily,Slowly"
LM_video/RGB/user30/4-2-3/RGB.mp4,Hastily,"Slowly,Evenly"
LM_video/RGB/user30/4-3-1/RGB.mp4,Quietly,"Calmly,Hastily"
LM_video/RGB/user30/4-3-2/RGB.mp4,Calmly,"Hastily,Quietly"
LM_video/RGB/user30/4-3-3/RGB.mp4,Hastily,"Quietly,Calmly"
LM_video/RGB/user30/5-1-1/RGB.mp4,Meticulously,"Firmly,Hurriedly"
LM_video/RGB/user30/5-1-2/RGB.mp4,Firmly,"Hurriedly,Meticulously"
LM_video/RGB/user30/5-1-3/RGB.mp4,Hurriedly,"Meticulously,Firmly"
LM_video/RGB/user30/5-2-1/RGB.mp4,Slowly,"Steadily,Quickly"
LM_video/RGB/user30/5-2-2/RGB.mp4,Steadily,"Quickly,Slowly"
LM_video/RGB/user30/5-2-3/RGB.mp4,Quickly,"Slowly,Steadily"
LM_video/RGB/user30/6-1-1/RGB.mp4,Slowly,"Orderly,Hastily"
LM_video/RGB/user30/6-1-2/RGB.mp4,Orderly,"Hastily,Slowly"
LM_video/RGB/user30/6-1-3/RGB.mp4,Hastily,"Slowly,Orderly"
LM_video/RGB/user30/6-2-1/RGB.mp4,Slowly,"Steadily,Urgently"
LM_video/RGB/user30/6-2-2/RGB.mp4,Steadily,"Urgently,Slowly"
LM_video/RGB/user30/6-2-3/RGB.mp4,Urgently,"Slowly,Steadily"
LM_video/RGB/user30/7-1-1/RGB.mp4,Gently,"Calmly,Anxiously"
LM_video/RGB/user30/7-1-2/RGB.mp4,Calmly,"Anxiously,Gently"
LM_video/RGB/user30/7-1-3/RGB.mp4,Anxiously,"Gently,Calmly"
LM_video/RGB/user30/7-2-1/RGB.mp4,Slowly,"Quickly,Hurriedly"
LM_video/RGB/user30/7-2-2/RGB.mp4,Quickly,"Hurriedly,Slowly"
LM_video/RGB/user30/7-2-3/RGB.mp4,Hurriedly,"Slowly,Quickly"
